{"stats":{"minecraft:custom":{"minecraft:interact_with_crafting_table":31,"minecraft:open_barrel":56,"minecraft:leave_game":3,"minecraft:time_since_death":93467,"minecraft:damage_resisted":260,"minecraft:sprint_one_cm":789398,"minecraft:drop":95,"minecraft:play_noteblock":2,"minecraft:talked_to_villager":5,"minecraft:play_time":504489,"minecraft:deaths":11,"minecraft:jump":4574,"minecraft:interact_with_brewingstand":3,"minecraft:walk_on_water_one_cm":50977,"minecraft:interact_with_furnace":1,"minecraft:sleep_in_bed":30,"minecraft:damage_dealt":26626,"minecraft:player_kills":1,"minecraft:crouch_one_cm":5447,"minecraft:mob_kills":118,"minecraft:interact_with_campfire":26,"minecraft:damage_dealt_resisted":2364,"minecraft:climb_one_cm":32765,"minecraft:walk_one_cm":1719275,"minecraft:damage_dealt_absorbed":24,"minecraft:sneak_time":1840,"minecraft:walk_under_water_one_cm":44065,"minecraft:interact_with_blast_furnace":5,"minecraft:total_world_time":504489,"minecraft:tune_noteblock":10,"minecraft:time_since_rest":890,"minecraft:damage_taken":14572,"minecraft:damage_absorbed":40,"minecraft:swim_one_cm":230256,"minecraft:fly_one_cm":978588,"minecraft:open_chest":205,"minecraft:fish_caught":3,"minecraft:fall_one_cm":132050},"minecraft:killed":{"minecraft:cave_spider":1,"minecraft:spider":2,"born_in_chaos_v1:baby_skeleton_minion":2,"minecraft:skeleton":2,"minecraft:piglin_brute":1,"minecraft:pig":4,"minecraft:salmon":2,"minecraft:sheep":3,"minecraft:pillager":2,"minecraft:zombie":55,"born_in_chaos_v1:corpse_fly":2,"minecraft:stray":1,"alexsmobs:komodo_dragon":1,"minecraft:cow":5,"born_in_chaos_v1:skeleton_thrasher_not_despawn":1,"born_in_chaos_v1:maggot":14,"born_in_chaos_v1:corpse_fish":1,"born_in_chaos_v1:bone_imp_minion":5,"born_in_chaos_v1:decrepit_skeleton":4,"born_in_chaos_v1:nightmare_stalker":1},"minecraft:broken":{"rpgsmw:stone_greatsword":1,"minecraft:iron_shovel":26,"minecraft:iron_leggings":1,"minecraft:stone_pickaxe":1,"minecraft:wooden_pickaxe":1,"beachparty:rubber_ring_pelican":1,"minecraft:leather_boots":1,"minecraft:iron_helmet":2,"minecraft:golden_pickaxe":1},"minecraft:picked_up":{"gamma_beasts:thin_oak_log":11,"minecraft:lead":2,"meds_and_herbs:seeds_sweet_clover":2,"minecraft:potion":1,"minecraft:string":2,"minecraft:raw_copper":90,"minecraft:cooked_salmon":2,"minecraft:smooth_stone_slab":6,"minecraft:oak_sign":2,"minecraft:cobbled_deepslate":1,"minecraft:spruce_planks":22,"meds_and_herbs:plantago_leaves":2,"minecraft:melon_slice":121,"minecraft:mangrove_log":12,"minecraft:golden_helmet":1,"minecraft:stick":6,"born_in_chaos_v1:shattered_skull":2,"minecraft:torch":13,"minecraft:porkchop":6,"minecraft:golden_axe":1,"born_in_chaos_v1:nightmare_claw":1,"born_in_chaos_v1:fried_maggot":10,"minecraft:rotten_flesh":119,"create:scoria":4,"gamma_beasts:coal_nugget":14,"minecraft:mangrove_roots":5,"minecraft:white_terracotta":2,"supplementaries:ash":1,"minecraft:cod":1,"alexsmobs:flying_fish":1,"minecraft:cobblestone":3076,"minecraft:leather_chestplate":1,"minecraft:cooked_beef":10,"minecraft:andesite":3,"minecraft:jungle_log":2,"minecraft:black_bed":2,"minecraft:flint":1,"minecraft:tuff":1,"gamma_beasts:oak_leaf":16,"jeg:scrap":17,"skilltree:gem":12,"minecraft:dirt":5379,"born_in_chaos_v1:monster_skin":3,"born_in_chaos_v1:marigolds":8,"minecraft:bone":8,"minecraft:wheat_seeds":97,"farmersdelight:sweet_berry_cookie":36,"minecraft:bamboo":5,"minecraft:oak_planks":15,"minecraft:cooked_porkchop":8,"minecraft:poisonous_potato":4,"minecraft:sand":49,"minecraft:stripped_spruce_log":5,"minecraft:barrel":1,"minecraft:mossy_cobblestone":5,"minecraft:polished_andesite":1,"beachparty:rubber_ring_pelican":2,"minecraft:white_candle":4,"create:crimsite":7,"minecraft:mangrove_wood":1,"born_in_chaos_v1:scorched_planks_fence":6,"minecraft:spruce_sign":10,"minecraft:emerald":6,"born_in_chaos_v1:rotten_fish":1,"sophisticatedbackpacks:gold_backpack":1,"minecraft:charcoal":2,"minecraft:coarse_dirt":1,"minecraft:crafting_table":2,"born_in_chaos_v1:smoked_monster_flesh":1,"born_in_chaos_v1:river_mint":10,"minecraft:clay_ball":4,"born_in_chaos_v1:seedof_chaos":1,"minecraft:leather_leggings":2,"minecraft:brown_mushroom":3,"minecraft:shield":2,"minecraft:cornflower":1,"minecraft:iron_axe":3,"minecraft:beef":13,"vinery:cherry":6,"minecraft:jungle_sapling":1,"minecraft:chest":2,"minecraft:raw_iron":5,"minecraft:carrot":1,"born_in_chaos_v1:pieceofdarkmetal":2,"meds_and_herbs:sweet_clover_flowers":6,"minecraft:purple_candle":5,"minecraft:arrow":5,"minecraft:cooked_cod":1,"minecraft:hay_block":31,"minecraft:gold_ingot":58,"minecraft:mutton":2,"minecraft:white_wool":3,"minecraft:bone_block":2,"born_in_chaos_v1:corpse_maggot":8,"minecraft:dark_oak_button":2,"minecraft:smooth_red_sandstone":1,"minecraft:salmon":4,"minecraft:leather":8,"minecraft:oak_log":6,"gamma_beasts:green_apple":46,"scalinghealth:bandages":2,"minecraft:gunpowder":39,"scalinghealth:heart_crystal":2,"minecraft:white_banner":1,"born_in_chaos_v1:smoked_flesh":9,"minecraft:iron_ingot":57,"minecraft:stone_pickaxe":1,"scalinghealth:power_crystal_shard":8,"minecraft:soul_sand":6,"jeg:tech_trash":2,"minecraft:polished_andesite_stairs":1,"scalinghealth:heart_crystal_shard":18,"minecraft:smooth_basalt":4,"minecraft:black_candle":7,"minecraft:sweet_berries":52,"born_in_chaos_v1:ethereal_spirit":2,"minecraft:dandelion":2,"minecraft:gravel":18,"minecraft:spruce_sapling":4,"minecraft:spruce_log":7,"minecraft:white_bed":2,"gamma_beasts:blackberry":3,"minecraft:purple_bed":15,"minecraft:dried_kelp_block":2,"minecraft:honey_block":1,"minecraft:iron_helmet":1,"minecraft:baked_potato":8,"minecraft:melon_seeds":3,"minecraft:mangrove_propagule":2,"minecraft:coal":54},"minecraft:crafted":{"minecraft:oak_planks":44,"minecraft:crafting_table":1,"minecraft:spruce_planks":24,"minecraft:tnt":7,"minecraft:stick":60,"minecraft:iron_ingot":16,"minecraft:wheat":27,"minecraft:mangrove_planks":28,"minecraft:air":0,"minecraft:gold_nugget":63,"minecraft:iron_shovel":16,"minecraft:torch":8},"minecraft:used":{"minecraft:iron_shovel":6739,"minecraft:bone_block":2,"minecraft:chest":4,"minecraft:stone":1,"minecraft:iron_sword":36,"minecraft:jungle_planks":8,"minecraft:carrot":34,"farmersdelight:sweet_berry_cookie":32,"born_in_chaos_v1:smoked_flesh":37,"minecraft:stone_pickaxe":123,"minecraft:oak_planks":10,"minecraft:mangrove_planks":29,"minecraft:wooden_pickaxe":49,"minecraft:golden_apple":1,"minecraft:glow_berries":6,"gamma_beasts:blackberry":3,"minecraft:black_bed":2,"minecraft:melon_slice":121,"minecraft:bread":36,"born_in_chaos_v1:smoked_monster_flesh":1,"minecraft:gravel":3,"minecraft:wooden_sword":57,"born_in_chaos_v1:rotten_fish":1,"minecraft:andesite":2,"minecraft:golden_pickaxe":21,"minecraft:experience_bottle":3,"rpgsmw:stone_greatsword":128,"minecraft:flint_and_steel":7,"minecraft:spruce_planks":11,"born_in_chaos_v1:fried_maggot":10,"minecraft:cooked_salmon":2,"minecraft:torch":52,"minecraft:dirt":64,"scalinghealth:heart_crystal":2,"minecraft:iron_axe":336,"rpgsmw:iron_greatsword":208,"minecraft:cooked_beef":6,"born_in_chaos_v1:mint_ice_cream":2,"minecraft:baked_potato":7,"minecraft:mossy_cobblestone":1,"minecraft:tnt":7,"minecraft:crafting_table":5,"minecraft:white_bed":3,"minecraft:iron_pickaxe":36,"minecraft:fishing_rod":12,"minecraft:cobblestone":32,"minecraft:purple_bed":14,"vinery:cherry":1,"minecraft:cooked_porkchop":2,"minecraft:black_candle":1},"minecraft:mined":{"minecraft:white_bed":2,"minecraft:attached_melon_stem":1,"gamma_beasts:roble_hoja_1":1,"minecraft:jungle_leaves":38,"minecraft:grass_block":2991,"minecraft:jungle_log":1,"minecraft:spawner":13,"minecraft:dark_oak_trapdoor":3,"minecraft:iron_ore":2,"minecraft:barrel":1,"minecraft:dark_oak_stairs":2,"minecraft:smooth_red_sandstone":1,"minecraft:oak_stairs":1,"minecraft:black_candle":4,"minecraft:azalea_leaves":1,"minecraft:spruce_slab":1,"minecraft:brown_mushroom":3,"minecraft:melon_stem":2,"minecraft:clay":1,"minecraft:torch":5,"minecraft:melon":27,"minecraft:polished_andesite_stairs":1,"minecraft:chest":3,"create:scoria":7,"minecraft:white_stained_glass_pane":1,"minecraft:cobblestone":26,"minecraft:white_candle":1,"minecraft:oak_planks":2,"minecraft:wall_torch":7,"minecraft:white_terracotta":2,"minecraft:chain":1,"minecraft:red_candle":1,"minecraft:dark_oak_slab":5,"born_in_chaos_v1:river_mint":1,"minecraft:black_bed":3,"minecraft:smooth_stone_slab":6,"minecraft:grass":119,"minecraft:oak_log":2,"minecraft:sand":56,"minecraft:dirt":3566,"minecraft:mangrove_log":3,"minecraft:tripwire_hook":1,"create:crimsite":7,"minecraft:oak_leaves":9,"minecraft:deepslate":1,"minecraft:tuff":1,"minecraft:mossy_cobblestone":7,"minecraft:dark_oak_log":4,"meds_and_herbs:plantago":3,"minecraft:mangrove_roots":1,"minecraft:purple_candle":2,"minecraft:spruce_fence":1,"minecraft:moss_block":3,"minecraft:large_fern":3,"minecraft:hay_block":32,"minecraft:andesite":6,"minecraft:stripped_spruce_log":5,"treechop:chopped_log":42,"minecraft:deepslate_iron_ore":3,"minecraft:vine":6,"minecraft:stone":3221,"minecraft:bone_block":3,"gamma_beasts:abeto_hoja":1,"meds_and_herbs:sweet_clover":1,"jeg:scrap_ore":10,"minecraft:soul_sand":6,"born_in_chaos_v1:scorched_planks_fence":3,"minecraft:crafting_table":2,"minecraft:honey_block":1,"minecraft:campfire":1,"minecraft:tall_grass":33,"minecraft:copper_ore":25,"minecraft:deepslate_coal_ore":1,"minecraft:dried_kelp_block":2,"minecraft:cracked_deepslate_bricks":1,"minecraft:spruce_stairs":1,"minecraft:purple_bed":14,"minecraft:coarse_dirt":2,"minecraft:sweet_berry_bush":1,"minecraft:ice":20,"minecraft:spruce_log":2,"minecraft:mangrove_planks":1,"minecraft:mangrove_leaves":1,"gamma_beasts:thin_oak_log":2,"minecraft:coal_ore":44,"minecraft:dark_oak_button":1,"minecraft:gravel":21,"minecraft:cobweb":3,"minecraft:polished_andesite":1,"minecraft:small_dripleaf":1,"minecraft:fern":13},"minecraft:dropped":{"minecraft:spruce_sign":5,"minecraft:baked_potato":1,"minecraft:leather":2,"minecraft:dark_oak_button":2,"minecraft:dirt":161,"farmersdelight:sweet_berry_cookie":4,"beachparty:rubber_ring_pelican":2,"minecraft:gold_nugget":60,"minecraft:sugar":19,"born_in_chaos_v1:mint_ice_cream":3,"minecraft:gold_ingot":75,"minecraft:bone":3,"minecraft:gravel":2,"minecraft:cobbled_deepslate":1,"minecraft:rotten_flesh":27,"born_in_chaos_v1:smoked_flesh":2,"minecraft:oak_planks":29,"minecraft:white_candle":2,"minecraft:salmon":2,"beachparty:rubber_ring_axolotl":1,"minecraft:poppy":1,"minecraft:leather_chestplate":1,"minecraft:leather_leggings":2,"minecraft:enchanted_book":2,"minecraft:iron_ingot":119,"minecraft:wheat_seeds":13,"minecraft:golden_helmet":1,"minecraft:mossy_cobblestone":2,"minecraft:golden_axe":2,"minecraft:iron_helmet":1,"minecraft:cobblestone":72,"minecraft:lead":2,"minecraft:coal":35,"minecraft:stick":3,"minecraft:smooth_red_sandstone":1,"minecraft:potion":1,"minecraft:iron_axe":2,"minecraft:dandelion":2,"minecraft:stone_shovel":1,"minecraft:iron_boots":1,"minecraft:hay_block":2,"minecraft:shield":2,"minecraft:spruce_planks":10,"minecraft:purple_bed":1,"minecraft:barrel":1,"minecraft:stone_pickaxe":1}},"DataVersion":3465}