{"stats":{"minecraft:custom":{"minecraft:interact_with_crafting_table":126,"minecraft:open_barrel":120,"minecraft:bell_ring":1,"minecraft:eat_cake_slice":35,"minecraft:leave_game":17,"minecraft:time_since_death":74031,"minecraft:play_time":2520925,"minecraft:deaths":90,"minecraft:jump":24826,"minecraft:interact_with_furnace":34,"minecraft:interact_with_cartography_table":1,"minecraft:sleep_in_bed":176,"minecraft:damage_dealt":256534,"minecraft:interact_with_smoker":1,"minecraft:interact_with_smithing_table":1,"minecraft:inspect_dispenser":1,"minecraft:interact_with_anvil":2,"minecraft:damage_dealt_absorbed":77,"minecraft:sneak_time":36236,"minecraft:interact_with_blast_furnace":33,"minecraft:total_world_time":2520925,"minecraft:tune_noteblock":12,"minecraft:interact_with_stonecutter":20,"minecraft:time_since_rest":7000,"minecraft:swim_one_cm":639472,"minecraft:fly_one_cm":4960278,"minecraft:open_chest":1507,"minecraft:fish_caught":3,"minecraft:fall_one_cm":596997,"minecraft:damage_resisted":1227,"minecraft:sprint_one_cm":3394948,"minecraft:drop":629,"minecraft:play_noteblock":2,"minecraft:talked_to_villager":7,"minecraft:interact_with_brewingstand":3,"minecraft:walk_on_water_one_cm":317569,"minecraft:player_kills":4,"minecraft:crouch_one_cm":113074,"minecraft:mob_kills":634,"minecraft:interact_with_campfire":38,"minecraft:damage_dealt_resisted":14933,"minecraft:climb_one_cm":64396,"minecraft:walk_one_cm":7426414,"minecraft:walk_under_water_one_cm":337169,"minecraft:raid_trigger":1,"minecraft:damage_taken":112099,"minecraft:damage_absorbed":80},"minecraft:dropped":{"minecraft:iron_sword":2,"minecraft:lapis_lazuli":76,"minecraft:crossbow":2,"born_in_chaos_v1:sea_terror_stomach":1,"minecraft:dark_oak_button":2,"minecraft:item_frame":1,"minecraft:red_carpet":3,"minecraft:dirt":5025,"minecraft:gray_concrete":1,"gamma_beasts:book":1,"faded_conquest_2:key_of_conquest":1,"alexsmobs:flying_fish":1,"beachparty:rubber_ring_pelican":2,"minecraft:chain":1,"minecraft:gold_nugget":77,"minecraft:bone_meal":5,"minecraft:sand":314,"born_in_chaos_v1:mint_ice_cream":3,"minecraft:sugar":35,"scalinghealth:chance_heart":1,"born_in_chaos_v1:death_totem":4,"minecraft:bone":8,"minecraft:emerald_block":28,"minecraft:cooked_chicken":1,"minecraft:cobbled_deepslate":380,"rpgsmw:steel":20,"minecraft:obsidian":12,"minecraft:rotten_flesh":33,"born_in_chaos_v1:smoked_flesh":2,"minecraft:oak_planks":86,"alexsmobs:emu_egg":2,"minecraft:salmon":2,"minecraft:chiseled_deepslate":10,"beachparty:rubber_ring_axolotl":1,"minecraft:deepslate_tiles":182,"minecraft:leather_boots":1,"minecraft:leather_leggings":2,"minecraft:spruce_slab":6,"minecraft:glass":18,"toms_storage:ts.tag_item_filter":1,"born_in_chaos_v1:marigolds":21,"minecraft:enchanted_book":2,"minecraft:egg":3,"minecraft:iron_ingot":124,"minecraft:wheat_seeds":66,"minecraft:iron_helmet":1,"minecraft:cobblestone":10190,"minecraft:apple":2,"minecraft:deepslate_tile_slab":86,"minecraft:coal":46,"rpgsmw:steel_paladin_armour_helmet":1,"candlelight:tomato":3,"skilltree:gem":30,"minecraft:cherry_planks":33,"minecraft:cooked_salmon":4,"toms_storage:ts.trim":1,"minecraft:potion":2,"minecraft:white_banner":1,"minecraft:paper":8,"minecraft:string":16,"minecraft:spruce_sapling":1,"minecraft:player_head":1,"minecraft:stone_shovel":1,"minecraft:clay_ball":16,"minecraft:iron_boots":1,"minecraft:cherry_slab":34,"minecraft:shears":1,"minecraft:hay_block":2,"minecraft:potato":41,"rpgsmw:iron_one_handed_crossbow":1,"minecraft:spruce_planks":10,"minecraft:diamond_pickaxe":1,"vinery:apple_tree_sapling":9,"meds_and_herbs:bark_cherry":256,"tetra:modular_bow":2,"minecraft:barrel":1,"rpgsmw:steel_greatsword":1,"minecraft:cooked_rabbit":3,"farmersdelight:tomato":5,"minecraft:spruce_sign":5,"minecraft:baked_potato":1,"gamma_beasts:prehnite":5,"minecraft:deepslate_tile_wall":28,"minecraft:leather":5,"jeg:scrap":40,"gamma_beasts:birch_leaf":1,"gamma_beasts:accumulator_bag_cristal_pearl":3,"minecraft:deepslate_tile_stairs":36,"blocky_siege:cannon_ball_0":1,"born_in_chaos_v1:monster_skin":1,"farmersdelight:sweet_berry_cookie":4,"minecraft:pumpkin_pie":5,"jeg:tech_trash":4,"minecraft:gold_ingot":144,"minecraft:gravel":3,"minecraft:cherry_stairs":16,"minecraft:beetroot":26,"minecraft:white_candle":2,"minecraft:cooked_mutton":24,"minecraft:poppy":1,"toms_storage:ts.inventory_connector":1,"minecraft:leather_chestplate":2,"minecraft:gunpowder":1,"minecraft:melon_seeds":3,"born_in_chaos_v1:corpse_maggot":6,"faded_conquest_2:keyof_pestilence":1,"minecraft:iron_bars":2,"born_in_chaos_v1:dark_rod":1,"minecraft:bread":16,"gamma_beasts:oak_leaf":77,"minecraft:golden_helmet":1,"minecraft:cherry_log":7,"minecraft:mossy_cobblestone":2,"gamma_beasts:coal_nugget":23,"vinery:dark_cherry_planks":14,"minecraft:golden_axe":2,"minecraft:lead":2,"minecraft:copper_ingot":128,"minecraft:stick":5,"minecraft:blue_dye":3,"minecraft:milk_bucket":1,"minecraft:smooth_red_sandstone":1,"minecraft:melon_slice":14,"minecraft:iron_axe":2,"minecraft:pink_petals":2,"minecraft:dandelion":2,"minecraft:raw_copper":49,"minecraft:raw_iron":118,"toms_storage:ts.wireless_terminal":1,"gamma_beasts:green_apple":7,"minecraft:filled_map":8,"minecraft:shield":2,"minecraft:purple_bed":1,"rpgsmw:steelnugget":8,"minecraft:stone_pickaxe":1,"minecraft:raw_gold":13,"minecraft:calcite":1},"minecraft:killed":{"minecraft:cave_spider":49,"born_in_chaos_v1:mr_pumpkin":27,"born_in_chaos_v1:zombie_lumberjack":3,"born_in_chaos_v1:restless_spirit":4,"born_in_chaos_v1:skeleton_demoman":1,"born_in_chaos_v1:sir_the_headless":1,"minecraft:zombie_horse":1,"born_in_chaos_v1:baby_skeleton_minion":2,"minecraft:skeleton":50,"minecraft:chicken":4,"jeg:ghoul":1,"minecraft:magma_cube":5,"minecraft:salmon":2,"minecraft:pillager":14,"minecraft:zombie":116,"cataclysm:deepling":1,"born_in_chaos_v1:corpse_fly":15,"minecraft:cow":21,"born_in_chaos_v1:skeleton_thrasher_not_despawn":2,"faded_conquest_2:blocknight_paladin":2,"born_in_chaos_v1:pumpkinhead":1,"born_in_chaos_v1:spiritof_chaos":3,"minecraft:husk":22,"born_in_chaos_v1:bone_imp_minion":5,"born_in_chaos_v1:decrepit_skeleton":18,"alexsmobs:catfish":1,"born_in_chaos_v1:bloody_gadfly":2,"born_in_chaos_v1:dark_vortex":2,"born_in_chaos_v1:lifestealer_true_form":1,"born_in_chaos_v1:zombie_clown":1,"minecraft:spider":32,"faded_conquest_2:toxicrow":2,"minecraft:silverfish":12,"minecraft:piglin_brute":11,"minecraft:piglin":9,"minecraft:pig":9,"born_in_chaos_v1:diamond_termite":3,"minecraft:zombie_villager":2,"born_in_chaos_v1:glutton_fish":1,"gamma_beasts:careyatros_a":2,"minecraft:creeper":3,"minecraft:sheep":15,"born_in_chaos_v1:dread_hound":4,"minecraft:stray":9,"alexsmobs:fly":1,"alexsmobs:komodo_dragon":1,"born_in_chaos_v1:zombie_bruiser":5,"born_in_chaos_v1:maggot":46,"minecraft:phantom":1,"minecraft:drowned":7,"born_in_chaos_v1:corpse_fish":12,"born_in_chaos_v1:felsteed":1,"born_in_chaos_v1:baby_skeleton":5,"born_in_chaos_v1:swarmer":1,"minecraft:hoglin":3,"minecraft:squid":1,"alexsmobs:emu":1,"gamma_beasts:careyatros_c":1,"born_in_chaos_v1:nightmare_stalker":2,"minecraft:wither_skeleton":5},"minecraft:mined":{"minecraft:dark_oak_planks":13,"minecraft:cut_sandstone_slab":4,"minecraft:white_bed":19,"gamma_beasts:placas_maker_off":1,"minecraft:cherry_log":395,"minecraft:jungle_leaves":38,"minecraft:red_nether_bricks":2,"minecraft:granite":22,"minecraft:deepslate_tile_wall":54,"minecraft:jungle_log":1,"minecraft:coal_block":2,"minecraft:deepslate_tile_stairs":41,"supplementaries:sconce_wall":4,"minecraft:spawner":45,"minecraft:tall_seagrass":2,"minecraft:magma_block":2,"minecraft:dark_oak_trapdoor":3,"minecraft:barrel":2,"minecraft:cobbled_deepslate":3,"minecraft:fire":4,"minecraft:smooth_red_sandstone":1,"toms_storage:ts.inventory_connector":11,"minecraft:dirt_path":3,"scalinghealth:deepslate_power_crystal_ore":6,"minecraft:oak_stairs":1,"minecraft:light_gray_concrete":1,"minecraft:stripped_mangrove_wood":2,"create:veridium":1,"minecraft:player_head":5,"blocky_siege:cannon_ball_3":1,"minecraft:brown_mushroom":9,"minecraft:stripped_cherry_wood":41,"minecraft:kelp_plant":3,"minecraft:deepslate_tile_slab":75,"minecraft:powder_snow":98,"born_in_chaos_v1:infected_deepslate_diamond_ore":3,"minecraft:torch":14,"vinery:red_grape_bush":2,"minecraft:melon":30,"minecraft:polished_andesite_stairs":1,"create:scoria":7,"minecraft:white_stained_glass_pane":1,"minecraft:dead_bush":4,"farmersdelight:cabbages":21,"minecraft:white_candle":1,"toms_storage:ts.inventory_hopper_basic":2,"minecraft:damaged_anvil":2,"minecraft:cherry_slab":154,"minecraft:white_terracotta":2,"minecraft:chain":1,"minecraft:cherry_fence":11,"minecraft:wheat":62,"minecraft:birch_door":2,"minecraft:black_bed":6,"minecraft:copper_block":1,"minecraft:grass":216,"blocky_siege:fire_bomb_2":1,"minecraft:smooth_quartz":2,"minecraft:mangrove_log":3,"minecraft:smooth_basalt":35,"minecraft:red_mushroom_block":13,"born_in_chaos_v1:infernal_evil_pumpkin_s":1,"toms_storage:ts.crafting_terminal":5,"minecraft:deepslate":3752,"create:zinc_ore":7,"minecraft:infested_deepslate":7,"minecraft:dark_prismarine":2,"minecraft:deepslate_tiles":198,"blocky_siege:barrel_of_gunpowder":2,"minecraft:mossy_cobblestone":10,"tetra:block_geode":8,"minecraft:cherry_sapling":4,"minecraft:dark_oak_log":4,"minecraft:purple_candle":2,"minecraft:spruce_fence":1,"born_in_chaos_v1:black_argillite":1,"minecraft:crimson_roots":1,"minecraft:redstone_wire":1,"minecraft:cherry_wood":56,"minecraft:moss_block":3,"minecraft:kelp":4,"minecraft:black_stained_glass_pane":4,"minecraft:andesite":22,"minecraft:potatoes":103,"minecraft:vine":6,"minecraft:bone_block":3,"minecraft:white_wool":25,"minecraft:gray_concrete":1,"jeg:scrap_ore":11,"minecraft:cherry_planks":139,"minecraft:soul_sand":6,"gamma_beasts:abedul_hoja_1":2,"minecraft:emerald_ore":1,"minecraft:campfire":5,"blocky_siege:cannon_ball_1":1,"minecraft:tall_grass":49,"minecraft:copper_ore":49,"minecraft:dried_kelp_block":2,"minecraft:deepslate_gold_ore":33,"minecraft:cracked_deepslate_bricks":1,"minecraft:purple_bed":33,"jeg:deepslate_scrap_ore":32,"minecraft:black_stained_glass":2,"minecraft:coarse_dirt":4,"toms_storage:ts.inventory_proxy":4,"minecraft:spruce_log":27,"minecraft:birch_leaves":1,"toms_storage:ts.inventory_cable":15,"minecraft:mangrove_leaves":1,"amendments:double_cake":1,"minecraft:dark_oak_button":1,"minecraft:gravel":47,"minecraft:cobweb":68,"minecraft:gold_ore":6,"minecraft:deepslate_emerald_ore":3,"minecraft:infested_stone":1,"minecraft:fern":14,"minecraft:spruce_planks":9,"minecraft:attached_melon_stem":1,"gamma_beasts:roble_hoja_1":4,"minecraft:andesite_stairs":1,"minecraft:sculk_vein":3,"minecraft:grass_block":6712,"minecraft:mangrove_fence":2,"born_in_chaos_v1:fel_soil_destructible":2,"vinery:apple_log":6,"beachparty:seashell_block":37,"minecraft:raw_iron_block":2,"minecraft:glowstone":6,"minecraft:iron_ore":153,"toms_storage:ts.storage_terminal":5,"toms_storage:ts.trim":17,"minecraft:dark_oak_stairs":8,"supplementaries:stick":1,"minecraft:iron_bars":1,"minecraft:black_candle":4,"minecraft:azalea_leaves":1,"minecraft:spruce_slab":6,"minecraft:blackstone":5,"minecraft:melon_stem":2,"minecraft:clay":1,"minecraft:calcite":2,"minecraft:chest":6,"minecraft:cobblestone":86,"minecraft:oak_planks":5,"minecraft:wall_torch":16,"minecraft:pink_petals":3,"minecraft:seagrass":1,"minecraft:red_candle":1,"minecraft:dark_oak_slab":5,"born_in_chaos_v1:river_mint":1,"minecraft:smooth_stone_slab":7,"minecraft:oak_log":2,"minecraft:sand":1009,"minecraft:dirt":6876,"minecraft:tripwire_hook":1,"vinery:apple_leaves":10,"minecraft:netherrack":1,"create:crimsite":7,"minecraft:oak_leaves":15,"minecraft:crying_obsidian":2,"minecraft:tuff":40,"minecraft:red_carpet":3,"minecraft:dark_oak_leaves":1,"minecraft:deepslate_diamond_ore":8,"meds_and_herbs:plantago":6,"minecraft:mangrove_roots":1,"minecraft:mangrove_wall_sign":1,"minecraft:mangrove_trapdoor":1,"minecraft:polished_andesite_slab":1,"minecraft:spruce_leaves":13,"blocky_siege:cannon":9,"minecraft:sandstone":1,"minecraft:large_fern":3,"minecraft:hay_block":32,"minecraft:spore_blossom":1,"toms_storage:ts.inventory_cable_framed":33,"minecraft:furnace":1,"gamma_beasts:prehnite_ore":56,"minecraft:stripped_spruce_log":5,"minecraft:chiseled_deepslate":124,"treechop:chopped_log":902,"minecraft:gold_block":1,"minecraft:bookshelf":57,"minecraft:deepslate_iron_ore":106,"minecraft:shroomlight":2,"minecraft:lantern":11,"crittersandcompanions:silk_cocoon":2,"minecraft:stone":8864,"minecraft:cherry_stairs":58,"minecraft:redstone_wall_torch":1,"gamma_beasts:abeto_hoja":1,"meds_and_herbs:sweet_clover":1,"born_in_chaos_v1:marigolds":20,"born_in_chaos_v1:scorched_planks_fence":3,"minecraft:crafting_table":6,"minecraft:honey_block":1,"brewery:corn_crop":9,"minecraft:rose_bush":1,"minecraft:lectern":1,"minecraft:deepslate_coal_ore":2,"minecraft:lapis_ore":3,"minecraft:sculk":3,"minecraft:gray_wool":1,"supplementaries:urn":39,"minecraft:spruce_stairs":2,"gamma_beasts:deepslate_prehnite_ore":55,"gamma_beasts:abedul_hojas":6,"minecraft:birch_planks":2,"minecraft:cactus":3,"rpgsmw:mineral_ore":3,"minecraft:redstone_torch":1,"minecraft:sweet_berry_bush":1,"minecraft:ice":36,"minecraft:mangrove_planks":1,"minecraft:white_wall_banner":1,"gamma_beasts:thin_oak_log":20,"minecraft:coal_ore":313,"blocky_siege:cannon_ball_0":5,"minecraft:cherry_leaves":101,"minecraft:cyan_carpet":1,"minecraft:polished_andesite":1,"minecraft:small_dripleaf":1},"minecraft:broken":{"rpgsmw:steel_paladin_armour_boots":6,"minecraft:iron_boots":2,"minecraft:iron_leggings":2,"minecraft:wooden_pickaxe":1,"beachparty:rubber_ring_pelican":1,"minecraft:iron_axe":3,"minecraft:iron_pickaxe":2,"minecraft:iron_helmet":2,"gamma_beasts:prehnite_axe":1,"minecraft:golden_helmet":1,"rpgsmw:stone_greatsword":1,"minecraft:iron_shovel":49,"minecraft:golden_leggings":1,"rpgsmw:steel_paladin_armour_helmet":6,"minecraft:stone_pickaxe":3,"rpgsmw:steel_paladin_armour_leggings":6,"rpgsmw:steel_paladin_armour_chestplate":6,"minecraft:stone_shovel":7,"gamma_beasts:prehnite_shovel":3,"minecraft:flint_and_steel":1,"gamma_beasts:prehnite_pickaxe":2,"minecraft:diamond_axe":1,"rpgsmw:copper_spear":1,"minecraft:leather_boots":1,"minecraft:golden_pickaxe":1,"rpgsmw:iron_greatsword":1},"minecraft:picked_up":{"gamma_beasts:thin_oak_log":65,"minecraft:chainmail_boots":1,"minecraft:prismarine_shard":6,"minecraft:lead":3,"vinery:red_grape_seeds":12,"minecraft:enchanted_book":2,"minecraft:polished_deepslate":1,"skilltree:iron_ring":1,"minecraft:string":279,"minecraft:cooked_salmon":10,"minecraft:red_nether_bricks":1,"minecraft:shroomlight":2,"minecraft:beetroot":53,"rpgsmw:woodenfiber":1,"minecraft:gold_nugget":153,"minecraft:cobbled_deepslate":3966,"born_in_chaos_v1:charmof_power":1,"minecraft:spruce_planks":71,"rpgsmw:rawmiphrilignot":11,"minecraft:melon_slice":163,"minecraft:coal_block":2,"minecraft:mangrove_log":16,"minecraft:golden_helmet":2,"tetra:modular_bow":2,"born_in_chaos_v1:shattered_skull":19,"tarotcards:strength":1,"brewery:pretzel":27,"born_in_chaos_v1:pileof_dark_metal":1,"minecraft:golden_axe":1,"minecraft:cherry_log":1605,"minecraft:deepslate_tile_stairs":77,"born_in_chaos_v1:fried_maggot":10,"create:scoria":4,"minecraft:vex_armor_trim_smithing_template":2,"rpgsmw:steel_greatsword":3,"create:ochrum":24,"toms_storage:ts.inventory_connector":11,"minecraft:blue_dye":3,"gamma_beasts:coal_nugget":88,"minecraft:white_terracotta":2,"supplementaries:quiver":1,"supplementaries:ash":650,"endrem:rogue_eye":1,"minecraft:iron_bars":2,"alexsmobs:flying_fish":7,"gamma_beasts:pear":18,"minecraft:magma_block":1,"minecraft:feather":14,"minecraft:cooked_beef":17,"minecraft:jungle_log":3,"minecraft:copper_block":1,"brewery:corn_seeds":1,"faded_conquest_2:key_of_conquest":2,"minecraft:flint":4,"minecraft:cherry_fence":11,"jeg:scrap":326,"minecraft:gray_concrete":1,"farmersdelight:tomato":75,"minecraft:lantern":11,"faded_conquest_2:keyof_pestilence":2,"born_in_chaos_v1:marigolds":51,"tetra:scroll_rolled":1,"minecraft:glowstone_dust":16,"rpgsmw:iron_one_handed_crossbow":1,"blocky_siege:fire_bomb_0":3,"scalinghealth:enchanted_heart":3,"minecraft:stripped_spruce_log":5,"minecraft:ink_sac":3,"minecraft:barrel":6,"minecraft:bundle":1,"minecraft:polished_andesite":1,"minecraft:white_candle":4,"create:crimsite":7,"minecraft:granite":43,"minecraft:bread":25,"alexsmobs:maggot":1,"born_in_chaos_v1:rotten_fish":20,"minecraft:cherry_slab":210,"rpgsmw:steelnugget":16,"minecraft:crimson_roots":2,"minecraft:diamond_pickaxe":1,"gamma_beasts:redstone_plate":8,"sophisticatedbackpacks:gold_backpack":1,"minecraft:coarse_dirt":3,"minecraft:crafting_table":6,"blocky_siege:cannon":7,"born_in_chaos_v1:smoked_monster_flesh":1,"minecraft:clay_ball":20,"rpgsmw:copper_spear":1,"born_in_chaos_v1:seedof_chaos":18,"minecraft:leather_leggings":2,"toms_storage:ts.storage_terminal":5,"gamma_beasts:birch_leaf":1,"minecraft:stripped_cherry_log":1,"minecraft:cornflower":1,"alexsmobs:cooked_catfish":2,"born_in_chaos_v1:intoxicating_decoction":4,"minecraft:beef":81,"rpgsmw:steel_paladin_armour_boots":3,"born_in_chaos_v1:gnawed_bones":2,"vinery:cherry":42,"minecraft:jungle_sapling":2,"minecraft:iron_nugget":4,"minecraft:spruce_slab":6,"minecraft:chest":3,"minecraft:birch_sapling":2,"rpgsmw:biril":3,"minecraft:egg":6,"ironchest:iron_chest":2,"sophisticatedbackpacks:backpack":1,"born_in_chaos_v1:pieceofdarkmetal":36,"minecraft:carrot":20,"minecraft:redstone":76,"minecraft:prismarine_crystals":7,"jeg:healing_talisman":8,"minecraft:cooked_cod":1,"minecraft:beetroot_seeds":2,"supplementaries:sconce":4,"minecraft:shears":2,"minecraft:hay_block":31,"brewery:corn":1,"minecraft:gold_ingot":315,"minecraft:glow_berries":20,"minecraft:mutton":26,"minecraft:white_wool":38,"minecraft:bone_block":2,"born_in_chaos_v1:monster_flesh":4,"born_in_chaos_v1:pumpkin_staff":2,"minecraft:smooth_red_sandstone":1,"beachparty:raw_mussel_meat":37,"minecraft:acacia_wood":1,"minecraft:filled_map":6,"minecraft:oak_log":26,"scalinghealth:bandages":16,"minecraft:golden_boots":2,"toms_storage:ts.crafting_terminal":5,"scalinghealth:medkit":1,"minecraft:white_banner":9,"born_in_chaos_v1:soul_cutlass":2,"minecraft:apple":183,"minecraft:kelp":12,"gamma_beasts:meat":1,"minecraft:spore_blossom":1,"born_in_chaos_v1:smoked_flesh":9,"toms_storage:ts.inventory_hopper_basic":2,"minecraft:stone_pickaxe":1,"candlelight:tomato":6,"scalinghealth:power_crystal_shard":37,"blocky_siege:cannon_ball_0":14,"minecraft:iron_sword":2,"minecraft:dark_oak_stairs":8,"minecraft:polished_andesite_stairs":1,"minecraft:smooth_basalt":31,"minecraft:milk_bucket":2,"minecraft:sweet_berries":52,"born_in_chaos_v1:ethereal_spirit":32,"minecraft:gravel":50,"minecraft:spruce_sapling":12,"minecraft:spruce_log":50,"rpgsmw:steel_paladin_armour_leggings":3,"minecraft:purple_bed":34,"minecraft:slime_ball":4,"tetra:geode":17,"jeg:ectoplasm":5,"rpgsmw:crossbow_bolt_model":2,"minecraft:baked_potato":20,"minecraft:melon_seeds":3,"minecraft:mangrove_propagule":2,"minecraft:ender_pearl":10,"minecraft:chiseled_deepslate":124,"gamma_beasts:fur":19,"gamma_beasts:placas_maker_off":1,"meds_and_herbs:seeds_sweet_clover":4,"minecraft:potion":6,"born_in_chaos_v1:bloody_gadfly_eye":4,"toms_storage:ts.trim":18,"born_in_chaos_v1:holiday_candy":60,"born_in_chaos_v1:black_argillite":1,"minecraft:raw_copper":284,"alexsmobs:ancient_dart":2,"minecraft:smooth_stone_slab":7,"minecraft:iron_leggings":1,"born_in_chaos_v1:dark_upgrade":1,"minecraft:oak_sign":2,"minecraft:deepslate_tiles":381,"minecraft:bucket":1,"meds_and_herbs:plantago_leaves":8,"minecraft:rose_bush":1,"minecraft:redstone_torch":5,"minecraft:calcite":2,"minecraft:smooth_quartz":7,"minecraft:deepslate_tile_wall":82,"born_in_chaos_v1:stimulating_decoction":2,"vinery:dark_cherry_planks":30,"farmersdelight:cabbage_seeds":3,"minecraft:iron_boots":2,"minecraft:furnace":1,"minecraft:tipped_arrow":4,"minecraft:stick":747,"blocky_siege:barrel_of_gunpowder":2,"farmersdelight:rotten_tomato":2,"minecraft:torch":387,"tetra:holo":2,"rpgsmw:blue_fabric":1,"minecraft:spruce_stairs":1,"minecraft:porkchop":18,"born_in_chaos_v1:nightmare_claw":7,"minecraft:cactus":13,"minecraft:rotten_flesh":267,"born_in_chaos_v1:sea_terror_eye":2,"supplementaries:antique_ink":20,"alexsmobs:emu_egg":2,"minecraft:mangrove_roots":5,"minecraft:obsidian":10,"minecraft:cod":1,"vinery:apple_log":323,"minecraft:cobblestone":18003,"minecraft:enchanting_table":1,"minecraft:pink_petals":147,"minecraft:leather_chestplate":1,"rpgsmw:steel":40,"minecraft:cherry_planks":242,"minecraft:andesite":27,"minecraft:black_bed":5,"minecraft:chiseled_quartz_block":2,"gamma_beasts:prehnite":140,"minecraft:potato":83,"rpgsmw:leatherstring":5,"minecraft:tuff":77,"create:raw_zinc":57,"gamma_beasts:oak_leaf":168,"supplementaries:flax_seeds":6,"skilltree:gem":192,"minecraft:lapis_lazuli":255,"minecraft:dirt":17347,"minecraft:cut_sandstone_slab":2,"gamma_beasts:iron_plate":8,"minecraft:name_tag":2,"born_in_chaos_v1:monster_skin":31,"minecraft:leather_boots":1,"minecraft:mangrove_fence":1,"minecraft:glass":8,"gamma_beasts:gold_plate":8,"minecraft:bone":154,"minecraft:bow":4,"minecraft:wheat_seeds":138,"farmersdelight:sweet_berry_cookie":36,"minecraft:raw_gold":57,"minecraft:bamboo":5,"minecraft:oak_planks":204,"minecraft:cooked_porkchop":9,"minecraft:poisonous_potato":5,"minecraft:sand":1320,"minecraft:grass_block":2,"minecraft:mossy_cobblestone":6,"minecraft:dark_prismarine":2,"minecraft:light_gray_concrete":1,"beachparty:rubber_ring_pelican":2,"rpgsmw:steel_paladin_armour_chestplate":3,"minecraft:sugar":16,"born_in_chaos_v1:fire_dust":1,"minecraft:diamond":16,"minecraft:mangrove_wood":1,"born_in_chaos_v1:scorched_planks_fence":6,"minecraft:cherry_wood":91,"minecraft:crossbow":2,"minecraft:bone_meal":8,"minecraft:golden_apple":1,"minecraft:spruce_sign":10,"minecraft:emerald":99,"born_in_chaos_v1:sea_terror_stomach":2,"minecraft:fishing_rod":1,"minecraft:charcoal":10,"born_in_chaos_v1:diamond_termite_shard":5,"minecraft:chicken":4,"born_in_chaos_v1:river_mint":12,"minecraft:brown_mushroom":9,"minecraft:cooked_rabbit":6,"faded_conquest_2:summon_blocknight":5,"minecraft:chain":2,"minecraft:shield":4,"rpgsmw:steel_paladin_armour_helmet":4,"minecraft:iron_axe":4,"skilltree:assassin_necklace":1,"minecraft:item_frame":3,"beachparty:seashell":37,"minecraft:cyan_carpet":1,"minecraft:blackstone":2,"skilltree:golden_ring":1,"vinery:apple_tree_sapling":27,"scalinghealth:chance_heart":6,"minecraft:andesite_stairs":1,"minecraft:oak_boat":4,"minecraft:player_head":7,"minecraft:lectern":1,"minecraft:sugar_cane":2,"toms_storage:ts.inventory_proxy":4,"crittersandcompanions:clam":21,"minecraft:raw_iron":279,"minecraft:cherry_stairs":70,"minecraft:copper_ingot":471,"meds_and_herbs:sweet_clover_flowers":6,"minecraft:dark_oak_planks":18,"minecraft:purple_candle":5,"minecraft:arrow":107,"minecraft:pumpkin_pie":10,"toms_storage:ts.inventory_cable_framed":33,"crittersandcompanions:silk":31,"born_in_chaos_v1:fused_bone":6,"born_in_chaos_v1:corpse_maggot":52,"minecraft:dark_oak_button":2,"meds_and_herbs:bark_cherry":780,"minecraft:golden_carrot":1,"minecraft:glow_ink_sac":2,"minecraft:salmon":4,"minecraft:leather":27,"gamma_beasts:green_apple":154,"gamma_beasts:accumulator_bag_cristal_pearl":3,"minecraft:gunpowder":83,"scalinghealth:heart_crystal":28,"minecraft:deepslate_tile_slab":173,"minecraft:cooked_mutton":60,"gamma_beasts:copper_plate":16,"minecraft:red_carpet":9,"gamma_beasts:book":1,"candlelight:rose":1,"minecraft:rabbit_hide":8,"minecraft:heart_of_the_sea":2,"minecraft:iron_ingot":100,"minecraft:cooked_chicken":10,"toms_storage:ts.wireless_terminal":1,"minecraft:polished_andesite_slab":1,"minecraft:soul_sand":12,"jeg:tech_trash":18,"minecraft:book":185,"toms_storage:ts.inventory_cable":15,"scalinghealth:heart_crystal_shard":23,"minecraft:black_candle":7,"minecraft:emerald_block":28,"born_in_chaos_v1:death_totem":4,"minecraft:dandelion":2,"minecraft:raw_iron_block":2,"born_in_chaos_v1:dark_rod":4,"minecraft:amethyst_shard":10,"minecraft:stripped_cherry_wood":41,"minecraft:white_bed":19,"gamma_beasts:blackberry":3,"minecraft:spider_eye":29,"toms_storage:ts.tag_item_filter":1,"alexsmobs:raw_catfish":3,"minecraft:pumpkin_seeds":58,"minecraft:dried_kelp_block":4,"minecraft:honey_block":1,"minecraft:iron_helmet":1,"minecraft:cherry_sapling":1248,"minecraft:damaged_anvil":2,"minecraft:black_wool":2,"minecraft:coal":347},"minecraft:crafted":{"minecraft:black_dye":2,"rpgsmw:blue_fabric":27,"minecraft:glass":0,"minecraft:deepslate":0,"minecraft:chiseled_deepslate":9,"minecraft:gold_ingot":7,"minecraft:stone_shovel":6,"minecraft:cherry_trapdoor":6,"minecraft:deepslate_tile_wall":1,"minecraft:redstone_block":13,"minecraft:wheat":27,"rpgsmw:fabric":17,"rpgsmw:steel":53,"minecraft:deepslate_tiles":512,"minecraft:iron_shovel":16,"minecraft:deepslate_tile_stairs":8,"minecraft:brick":10,"minecraft:oak_planks":140,"minecraft:stone":0,"minecraft:green_dye":0,"minecraft:bricks":2,"minecraft:crafting_table":1,"minecraft:spruce_planks":92,"minecraft:baked_potato":52,"minecraft:tnt":7,"minecraft:emerald_block":24,"minecraft:stick":140,"minecraft:iron_ingot":83,"minecraft:deepslate_bricks":512,"minecraft:cherry_planks":518,"minecraft:leather":40,"minecraft:polished_deepslate":493,"minecraft:red_dye":27,"minecraft:mangrove_planks":28,"minecraft:air":0,"minecraft:blue_dye":52,"minecraft:gold_nugget":63,"minecraft:torch":348},"minecraft:killed_by":{"minecraft:husk":1},"minecraft:used":{"minecraft:chiseled_deepslate":698,"farmersdelight:cabbage_seeds":21,"minecraft:chest":73,"minecraft:stone":1,"toms_storage:ts.paint_kit":15,"toms_storage:ts.inventory_cable":15,"gamma_beasts:prehnite_pickaxe":536,"ironchest:iron_chest":3,"born_in_chaos_v1:smoked_flesh":37,"minecraft:bow":44,"minecraft:furnace":1,"minecraft:potato":109,"minecraft:damaged_anvil":1,"toms_storage:ts.inventory_connector":12,"minecraft:wooden_pickaxe":49,"brewery:corn_seeds":9,"minecraft:glow_berries":23,"minecraft:golden_apple":3,"gamma_beasts:prehnite_axe":265,"gamma_beasts:blackberry":3,"minecraft:stripped_cherry_wood":35,"minecraft:deepslate_tiles":907,"gamma_beasts:crystal_pearl":3,"rpgsmw:steel_greatsword":671,"minecraft:wooden_sword":57,"rpgsmw:steel_paladin_armour_leggings":1,"minecraft:oak_boat":5,"ironchest:wood_to_iron_chest_upgrade":7,"rpgsmw:stone_greatsword":128,"born_in_chaos_v1:fried_maggot":10,"minecraft:cooked_salmon":2,"minecraft:stick":1,"minecraft:torch":1019,"toms_storage:ts.crafting_terminal":6,"minecraft:iron_block":1,"minecraft:iron_axe":2156,"minecraft:cherry_slab":1423,"gamma_beasts:placas_maker_off":2,"minecraft:beef":3,"minecraft:cobbled_deepslate":49,"minecraft:cherry_fence":11,"minecraft:cherry_log":990,"minecraft:wheat_seeds":62,"alexsmobs:cooked_catfish":2,"born_in_chaos_v1:mint_ice_cream":2,"minecraft:water_bucket":30,"minecraft:cherry_planks":254,"minecraft:mossy_cobblestone":1,"minecraft:crafting_table":10,"minecraft:tnt":7,"minecraft:white_bed":22,"minecraft:cake":1,"minecraft:spruce_log":21,"gamma_beasts:prehnite_shovel":907,"minecraft:deepslate_tile_wall":474,"minecraft:diamond_pickaxe":3,"minecraft:iron_pickaxe":789,"minecraft:cobblestone":374,"minecraft:purple_bed":33,"vinery:cherry":37,"minecraft:cooked_porkchop":2,"minecraft:black_candle":1,"minecraft:cherry_sapling":98,"minecraft:iron_shovel":12409,"toms_storage:ts.inventory_proxy":4,"minecraft:bone_block":2,"minecraft:iron_sword":3262,"toms_storage:ts.storage_terminal":6,"toms_storage:ts.inventory_hopper_basic":2,"minecraft:jungle_planks":8,"minecraft:carrot":40,"minecraft:deepslate_tile_slab":783,"minecraft:obsidian":2,"farmersdelight:sweet_berry_cookie":32,"rpgsmw:steel_paladin_armour_boots":2,"rpgsmw:copper_spear":182,"farmersdelight:tomato":2,"minecraft:lantern":25,"blocky_siege:cannon_ball_0":2,"minecraft:magma_block":1,"minecraft:gold_block":1,"minecraft:stone_pickaxe":510,"minecraft:mangrove_planks":29,"minecraft:oak_planks":39,"minecraft:ender_pearl":1,"minecraft:redstone_block":1,"minecraft:diamond_axe":1542,"gamma_beasts:cooked_meat":1,"minecraft:crossbow":6,"minecraft:black_bed":5,"minecraft:redstone_torch":4,"minecraft:bread":194,"minecraft:melon_slice":135,"born_in_chaos_v1:marigolds":7,"born_in_chaos_v1:smoked_monster_flesh":1,"minecraft:gravel":3,"ironchest:iron_to_gold_chest_upgrade":1,"born_in_chaos_v1:rotten_fish":1,"born_in_chaos_v1:river_mint":2,"rpgsmw:iron_one_handed_crossbow":1,"toms_storage:ts.inventory_cable_framed":33,"minecraft:andesite":8,"minecraft:coarse_dirt":2,"minecraft:golden_pickaxe":21,"minecraft:experience_bottle":3,"minecraft:cherry_wood":89,"minecraft:flint_and_steel":64,"minecraft:stone_shovel":929,"minecraft:redstone":1,"minecraft:spruce_planks":28,"gamma_beasts:green_apple":101,"supplementaries:sconce":4,"minecraft:cooked_chicken":9,"minecraft:dirt":3465,"scalinghealth:heart_crystal":31,"toms_storage:ts.trim":33,"minecraft:dark_oak_planks":10,"rpgsmw:iron_greatsword":224,"scalinghealth:power_crystal":4,"minecraft:deepslate_tile_stairs":494,"scalinghealth:bandages":1,"brewery:pretzel":27,"minecraft:cooked_beef":8,"minecraft:iron_leggings":1,"minecraft:cooked_mutton":10,"minecraft:baked_potato":29,"minecraft:copper_block":3,"minecraft:stonecutter":2,"endrem:rogue_eye":1,"minecraft:apple":174,"blocky_siege:cannon":3,"minecraft:fishing_rod":12,"minecraft:cherry_stairs":60,"minecraft:bucket":32,"minecraft:pumpkin_pie":10}},"DataVersion":3465}