{"stats":{"minecraft:killed_by":{"minecraft:husk":1},"minecraft:picked_up":{"minecraft:chiseled_deepslate":124,"gamma_beasts:thin_oak_log":39,"minecraft:lead":2,"meds_and_herbs:seeds_sweet_clover":2,"minecraft:potion":1,"born_in_chaos_v1:holiday_candy":30,"minecraft:polished_deepslate":1,"minecraft:string":21,"minecraft:raw_copper":160,"minecraft:cooked_salmon":2,"minecraft:smooth_stone_slab":6,"minecraft:red_nether_bricks":1,"minecraft:oak_sign":2,"minecraft:deepslate_tiles":66,"minecraft:gold_nugget":90,"minecraft:cobbled_deepslate":3814,"minecraft:spruce_planks":30,"rpgsmw:rawmiphrilignot":3,"meds_and_herbs:plantago_leaves":8,"minecraft:rose_bush":1,"minecraft:calcite":1,"minecraft:deepslate_tile_wall":28,"minecraft:melon_slice":135,"vinery:dark_cherry_planks":30,"minecraft:mangrove_log":12,"minecraft:iron_boots":1,"minecraft:golden_helmet":1,"minecraft:stick":450,"born_in_chaos_v1:shattered_skull":2,"minecraft:torch":237,"minecraft:spruce_stairs":1,"minecraft:porkchop":16,"minecraft:golden_axe":1,"minecraft:cherry_log":941,"born_in_chaos_v1:nightmare_claw":1,"minecraft:deepslate_tile_stairs":37,"born_in_chaos_v1:fried_maggot":10,"minecraft:rotten_flesh":178,"create:scoria":4,"create:ochrum":12,"rpgsmw:steel_greatsword":1,"supplementaries:antique_ink":6,"gamma_beasts:coal_nugget":60,"minecraft:mangrove_roots":5,"minecraft:white_terracotta":2,"supplementaries:ash":27,"minecraft:cod":1,"vinery:apple_log":61,"alexsmobs:flying_fish":1,"minecraft:cobblestone":15136,"minecraft:pink_petals":4,"minecraft:leather_chestplate":1,"minecraft:feather":6,"minecraft:cooked_beef":10,"minecraft:cherry_planks":1,"minecraft:andesite":12,"minecraft:jungle_log":2,"minecraft:black_bed":4,"gamma_beasts:prehnite":54,"minecraft:flint":1,"minecraft:cherry_fence":11,"minecraft:tuff":39,"create:raw_zinc":7,"gamma_beasts:oak_leaf":91,"supplementaries:flax_seeds":3,"jeg:scrap":127,"skilltree:gem":55,"minecraft:lapis_lazuli":24,"minecraft:dirt":17107,"born_in_chaos_v1:monster_skin":3,"born_in_chaos_v1:marigolds":15,"minecraft:bone":54,"minecraft:mangrove_fence":1,"minecraft:bow":1,"minecraft:wheat_seeds":129,"farmersdelight:sweet_berry_cookie":36,"minecraft:raw_gold":45,"minecraft:bamboo":5,"minecraft:oak_planks":15,"minecraft:cooked_porkchop":9,"minecraft:poisonous_potato":4,"minecraft:sand":70,"scalinghealth:enchanted_heart":1,"minecraft:stripped_spruce_log":5,"minecraft:mossy_cobblestone":5,"minecraft:barrel":1,"beachparty:rubber_ring_pelican":2,"minecraft:polished_andesite":1,"minecraft:white_candle":4,"rpgsmw:steel_paladin_armour_chestplate":1,"create:crimsite":7,"minecraft:diamond":5,"minecraft:mangrove_wood":1,"born_in_chaos_v1:scorched_planks_fence":6,"minecraft:cherry_wood":91,"minecraft:granite":21,"minecraft:bone_meal":1,"minecraft:golden_apple":1,"minecraft:spruce_sign":10,"minecraft:bread":25,"minecraft:emerald":57,"born_in_chaos_v1:rotten_fish":3,"minecraft:cherry_slab":162,"sophisticatedbackpacks:gold_backpack":1,"minecraft:crafting_table":3,"minecraft:charcoal":2,"minecraft:coarse_dirt":3,"minecraft:chicken":4,"rpgsmw:copper_spear":1,"born_in_chaos_v1:smoked_monster_flesh":1,"born_in_chaos_v1:river_mint":12,"minecraft:clay_ball":4,"born_in_chaos_v1:seedof_chaos":1,"minecraft:leather_leggings":2,"minecraft:brown_mushroom":9,"minecraft:chain":1,"minecraft:shield":2,"minecraft:cornflower":1,"alexsmobs:cooked_catfish":2,"rpgsmw:steel_paladin_armour_helmet":1,"minecraft:iron_axe":3,"minecraft:item_frame":2,"minecraft:cyan_carpet":1,"vinery:apple_tree_sapling":9,"rpgsmw:steel_paladin_armour_boots":1,"minecraft:beef":28,"vinery:cherry":27,"minecraft:jungle_sapling":1,"minecraft:iron_nugget":4,"minecraft:chest":3,"minecraft:birch_sapling":1,"crittersandcompanions:clam":2,"rpgsmw:biril":1,"minecraft:raw_iron":113,"minecraft:cherry_stairs":70,"minecraft:copper_ingot":64,"ironchest:iron_chest":1,"minecraft:carrot":1,"born_in_chaos_v1:pieceofdarkmetal":4,"meds_and_herbs:sweet_clover_flowers":6,"minecraft:dark_oak_planks":4,"minecraft:purple_candle":5,"minecraft:arrow":39,"minecraft:cooked_cod":1,"crittersandcompanions:silk":10,"minecraft:hay_block":31,"minecraft:gold_ingot":58,"minecraft:mutton":20,"minecraft:bone_block":2,"minecraft:white_wool":14,"born_in_chaos_v1:corpse_maggot":16,"minecraft:dark_oak_button":2,"meds_and_herbs:bark_cherry":776,"born_in_chaos_v1:pumpkin_staff":1,"minecraft:smooth_red_sandstone":1,"minecraft:salmon":4,"minecraft:leather":14,"minecraft:oak_log":7,"gamma_beasts:green_apple":100,"scalinghealth:bandages":5,"minecraft:gunpowder":43,"scalinghealth:heart_crystal":12,"minecraft:deepslate_tile_slab":70,"minecraft:white_banner":3,"born_in_chaos_v1:soul_cutlass":1,"minecraft:apple":183,"minecraft:stone_pickaxe":1,"minecraft:iron_ingot":60,"candlelight:rose":1,"minecraft:rabbit_hide":3,"born_in_chaos_v1:smoked_flesh":9,"scalinghealth:power_crystal_shard":25,"minecraft:soul_sand":6,"jeg:tech_trash":10,"minecraft:dark_oak_stairs":2,"minecraft:black_candle":7,"minecraft:polished_andesite_stairs":1,"scalinghealth:heart_crystal_shard":18,"minecraft:smooth_basalt":30,"minecraft:sweet_berries":52,"born_in_chaos_v1:ethereal_spirit":4,"minecraft:dandelion":2,"minecraft:gravel":19,"born_in_chaos_v1:dark_rod":1,"minecraft:stripped_cherry_wood":41,"minecraft:spruce_sapling":10,"minecraft:white_bed":8,"minecraft:spruce_log":47,"gamma_beasts:blackberry":3,"minecraft:spider_eye":3,"minecraft:pumpkin_seeds":29,"alexsmobs:raw_catfish":3,"rpgsmw:steel_paladin_armour_leggings":1,"minecraft:dried_kelp_block":2,"minecraft:purple_bed":19,"tetra:geode":8,"minecraft:honey_block":1,"minecraft:iron_helmet":1,"minecraft:cherry_sapling":659,"minecraft:baked_potato":8,"minecraft:black_wool":1,"minecraft:melon_seeds":3,"minecraft:coal":165,"minecraft:mangrove_propagule":2},"minecraft:dropped":{"minecraft:spruce_sign":5,"minecraft:baked_potato":1,"gamma_beasts:prehnite":5,"minecraft:deepslate_tile_wall":28,"minecraft:leather":2,"minecraft:dark_oak_button":2,"jeg:scrap":40,"minecraft:item_frame":1,"minecraft:deepslate_tile_stairs":36,"minecraft:dirt":5024,"farmersdelight:sweet_berry_cookie":4,"beachparty:rubber_ring_pelican":2,"minecraft:chain":1,"minecraft:gold_nugget":60,"minecraft:sugar":19,"born_in_chaos_v1:mint_ice_cream":3,"jeg:tech_trash":4,"minecraft:gold_ingot":75,"minecraft:bone":6,"minecraft:gravel":3,"minecraft:cherry_stairs":16,"minecraft:cobbled_deepslate":316,"minecraft:oak_planks":29,"minecraft:rotten_flesh":31,"born_in_chaos_v1:smoked_flesh":2,"minecraft:white_candle":2,"minecraft:salmon":2,"minecraft:chiseled_deepslate":10,"beachparty:rubber_ring_axolotl":1,"minecraft:poppy":1,"minecraft:leather_chestplate":1,"minecraft:deepslate_tiles":182,"minecraft:gunpowder":1,"minecraft:melon_seeds":3,"born_in_chaos_v1:corpse_maggot":2,"minecraft:leather_leggings":2,"born_in_chaos_v1:dark_rod":1,"minecraft:bread":16,"minecraft:iron_ingot":124,"minecraft:enchanted_book":2,"minecraft:wheat_seeds":65,"minecraft:golden_helmet":1,"minecraft:cherry_log":7,"gamma_beasts:coal_nugget":23,"vinery:dark_cherry_planks":14,"minecraft:mossy_cobblestone":2,"minecraft:golden_axe":2,"minecraft:iron_helmet":1,"minecraft:cobblestone":10165,"minecraft:lead":2,"minecraft:apple":1,"minecraft:deepslate_tile_slab":86,"minecraft:coal":46,"minecraft:stick":5,"minecraft:smooth_red_sandstone":1,"minecraft:cherry_planks":33,"minecraft:potion":1,"minecraft:iron_axe":2,"minecraft:string":7,"minecraft:pink_petals":2,"minecraft:dandelion":2,"minecraft:raw_iron":109,"minecraft:stone_shovel":1,"minecraft:iron_boots":1,"minecraft:cherry_slab":34,"minecraft:hay_block":2,"minecraft:shield":2,"minecraft:spruce_planks":10,"meds_and_herbs:bark_cherry":256,"minecraft:purple_bed":1,"minecraft:barrel":1,"minecraft:stone_pickaxe":1,"minecraft:raw_gold":13,"minecraft:calcite":1},"minecraft:used":{"minecraft:cherry_sapling":98,"minecraft:iron_shovel":12409,"minecraft:chiseled_deepslate":698,"minecraft:bone_block":2,"minecraft:chest":7,"minecraft:stone":1,"minecraft:iron_sword":1163,"gamma_beasts:prehnite_pickaxe":267,"minecraft:jungle_planks":8,"minecraft:carrot":34,"minecraft:deepslate_tile_slab":564,"ironchest:iron_chest":2,"farmersdelight:sweet_berry_cookie":32,"rpgsmw:steel_paladin_armour_boots":1,"rpgsmw:copper_spear":182,"born_in_chaos_v1:smoked_flesh":37,"minecraft:bow":14,"minecraft:stone_pickaxe":252,"minecraft:mangrove_planks":29,"minecraft:oak_planks":10,"minecraft:wooden_pickaxe":49,"minecraft:diamond_axe":1542,"minecraft:golden_apple":1,"minecraft:glow_berries":6,"gamma_beasts:prehnite_axe":265,"minecraft:stripped_cherry_wood":35,"minecraft:black_bed":4,"gamma_beasts:blackberry":3,"minecraft:deepslate_tiles":773,"rpgsmw:steel_greatsword":104,"minecraft:bread":109,"minecraft:melon_slice":121,"ironchest:iron_to_gold_chest_upgrade":1,"born_in_chaos_v1:smoked_monster_flesh":1,"minecraft:gravel":3,"minecraft:wooden_sword":57,"born_in_chaos_v1:rotten_fish":1,"born_in_chaos_v1:river_mint":2,"minecraft:andesite":2,"minecraft:coarse_dirt":2,"minecraft:golden_pickaxe":21,"minecraft:experience_bottle":3,"rpgsmw:stone_greatsword":128,"minecraft:cherry_wood":89,"minecraft:flint_and_steel":64,"minecraft:stone_shovel":929,"minecraft:spruce_planks":28,"gamma_beasts:green_apple":100,"born_in_chaos_v1:fried_maggot":10,"minecraft:cooked_salmon":2,"minecraft:stick":1,"minecraft:torch":603,"minecraft:dirt":878,"scalinghealth:heart_crystal":13,"minecraft:iron_axe":1441,"minecraft:cherry_slab":1368,"rpgsmw:iron_greatsword":224,"scalinghealth:power_crystal":1,"minecraft:deepslate_tile_stairs":438,"minecraft:cooked_beef":6,"minecraft:cobbled_deepslate":3,"minecraft:cherry_fence":11,"minecraft:cherry_log":732,"minecraft:iron_leggings":1,"born_in_chaos_v1:mint_ice_cream":2,"alexsmobs:cooked_catfish":2,"minecraft:baked_potato":7,"minecraft:cherry_planks":2,"minecraft:stonecutter":2,"minecraft:mossy_cobblestone":1,"minecraft:crafting_table":7,"minecraft:tnt":7,"minecraft:white_bed":9,"minecraft:spruce_log":21,"minecraft:cake":1,"minecraft:deepslate_tile_wall":428,"minecraft:apple":112,"minecraft:iron_pickaxe":486,"minecraft:fishing_rod":12,"minecraft:cobblestone":172,"minecraft:cherry_stairs":60,"minecraft:purple_bed":18,"vinery:cherry":22,"minecraft:cooked_porkchop":2,"minecraft:black_candle":1,"minecraft:pumpkin_pie":5},"minecraft:custom":{"minecraft:interact_with_crafting_table":75,"minecraft:open_barrel":75,"minecraft:eat_cake_slice":33,"minecraft:leave_game":7,"minecraft:time_since_death":367749,"minecraft:damage_resisted":640,"minecraft:sprint_one_cm":2089791,"minecraft:drop":498,"minecraft:play_noteblock":2,"minecraft:talked_to_villager":5,"minecraft:play_time":1504531,"minecraft:deaths":29,"minecraft:jump":15785,"minecraft:interact_with_brewingstand":3,"minecraft:walk_on_water_one_cm":141252,"minecraft:interact_with_furnace":8,"minecraft:interact_with_cartography_table":1,"minecraft:sleep_in_bed":99,"minecraft:damage_dealt":102203,"minecraft:player_kills":2,"minecraft:crouch_one_cm":97037,"minecraft:interact_with_anvil":1,"minecraft:mob_kills":319,"minecraft:interact_with_campfire":26,"minecraft:damage_dealt_resisted":6258,"minecraft:climb_one_cm":36524,"minecraft:walk_one_cm":4557097,"minecraft:damage_dealt_absorbed":24,"minecraft:sneak_time":22338,"minecraft:walk_under_water_one_cm":117802,"minecraft:interact_with_blast_furnace":15,"minecraft:total_world_time":1504531,"minecraft:tune_noteblock":10,"minecraft:interact_with_stonecutter":18,"minecraft:time_since_rest":9566,"minecraft:damage_taken":39894,"minecraft:damage_absorbed":40,"minecraft:swim_one_cm":342256,"minecraft:fly_one_cm":3041336,"minecraft:open_chest":737,"minecraft:fish_caught":3,"minecraft:fall_one_cm":378713},"minecraft:broken":{"gamma_beasts:prehnite_axe":1,"rpgsmw:stone_greatsword":1,"minecraft:iron_shovel":49,"minecraft:iron_boots":2,"minecraft:iron_leggings":2,"minecraft:stone_pickaxe":2,"minecraft:stone_shovel":7,"minecraft:flint_and_steel":1,"gamma_beasts:prehnite_pickaxe":1,"minecraft:wooden_pickaxe":1,"beachparty:rubber_ring_pelican":1,"minecraft:diamond_axe":1,"rpgsmw:copper_spear":1,"minecraft:iron_axe":2,"minecraft:leather_boots":1,"minecraft:iron_pickaxe":1,"minecraft:iron_helmet":2,"minecraft:golden_pickaxe":1,"rpgsmw:iron_greatsword":1},"minecraft:mined":{"minecraft:dark_oak_planks":3,"minecraft:spruce_planks":8,"minecraft:attached_melon_stem":1,"gamma_beasts:roble_hoja_1":2,"minecraft:white_bed":8,"minecraft:cherry_log":255,"minecraft:sculk_vein":3,"minecraft:jungle_leaves":38,"minecraft:red_nether_bricks":2,"minecraft:granite":21,"minecraft:deepslate_tile_wall":28,"minecraft:grass_block":6673,"minecraft:mangrove_fence":2,"minecraft:jungle_log":1,"minecraft:deepslate_tile_stairs":37,"born_in_chaos_v1:fel_soil_destructible":2,"vinery:apple_log":6,"minecraft:spawner":17,"minecraft:dark_oak_trapdoor":3,"minecraft:cobbled_deepslate":3,"minecraft:barrel":1,"minecraft:iron_ore":38,"minecraft:fire":4,"minecraft:dark_oak_stairs":4,"minecraft:smooth_red_sandstone":1,"supplementaries:stick":1,"minecraft:dirt_path":2,"scalinghealth:deepslate_power_crystal_ore":6,"minecraft:oak_stairs":1,"minecraft:black_candle":4,"minecraft:azalea_leaves":1,"minecraft:stripped_mangrove_wood":2,"create:veridium":1,"minecraft:spruce_slab":1,"minecraft:brown_mushroom":9,"minecraft:stripped_cherry_wood":41,"minecraft:melon_stem":2,"minecraft:deepslate_tile_slab":62,"minecraft:clay":1,"minecraft:torch":9,"minecraft:calcite":2,"minecraft:melon":30,"minecraft:polished_andesite_stairs":1,"minecraft:chest":6,"create:scoria":7,"minecraft:white_stained_glass_pane":1,"minecraft:dead_bush":1,"minecraft:cobblestone":58,"minecraft:white_candle":1,"minecraft:oak_planks":2,"minecraft:wall_torch":13,"minecraft:cherry_slab":125,"minecraft:pink_petals":1,"minecraft:white_terracotta":2,"minecraft:chain":1,"minecraft:cherry_fence":11,"minecraft:red_candle":1,"minecraft:dark_oak_slab":5,"minecraft:birch_door":2,"born_in_chaos_v1:river_mint":1,"minecraft:black_bed":5,"minecraft:smooth_stone_slab":6,"minecraft:grass":194,"minecraft:oak_log":2,"minecraft:sand":77,"minecraft:dirt":6769,"born_in_chaos_v1:infernal_evil_pumpkin_s":1,"minecraft:mangrove_log":3,"minecraft:smooth_basalt":34,"minecraft:tripwire_hook":1,"vinery:apple_leaves":10,"create:crimsite":7,"minecraft:oak_leaves":9,"minecraft:deepslate":3642,"minecraft:infested_deepslate":7,"create:zinc_ore":7,"minecraft:deepslate_tiles":63,"minecraft:tuff":39,"minecraft:mossy_cobblestone":8,"minecraft:deepslate_diamond_ore":5,"tetra:block_geode":8,"minecraft:cherry_sapling":3,"minecraft:dark_oak_log":4,"meds_and_herbs:plantago":6,"minecraft:mangrove_roots":1,"minecraft:mangrove_wall_sign":1,"minecraft:purple_candle":2,"minecraft:spruce_fence":1,"minecraft:mangrove_trapdoor":1,"minecraft:cherry_wood":56,"minecraft:spruce_leaves":2,"minecraft:moss_block":3,"minecraft:large_fern":3,"minecraft:hay_block":32,"minecraft:black_stained_glass_pane":4,"gamma_beasts:prehnite_ore":23,"minecraft:andesite":15,"minecraft:stripped_spruce_log":5,"treechop:chopped_log":818,"minecraft:chiseled_deepslate":124,"minecraft:deepslate_iron_ore":64,"minecraft:vine":6,"crittersandcompanions:silk_cocoon":2,"minecraft:stone":5861,"minecraft:cherry_stairs":58,"minecraft:bone_block":3,"gamma_beasts:abeto_hoja":1,"meds_and_herbs:sweet_clover":1,"jeg:scrap_ore":10,"minecraft:cherry_planks":2,"minecraft:soul_sand":6,"born_in_chaos_v1:scorched_planks_fence":3,"minecraft:crafting_table":3,"minecraft:honey_block":1,"minecraft:rose_bush":1,"minecraft:campfire":1,"minecraft:copper_ore":42,"minecraft:tall_grass":47,"minecraft:deepslate_coal_ore":1,"minecraft:dried_kelp_block":2,"minecraft:deepslate_gold_ore":23,"minecraft:lapis_ore":3,"minecraft:cracked_deepslate_bricks":1,"minecraft:sculk":3,"minecraft:coarse_dirt":4,"minecraft:black_stained_glass":2,"supplementaries:urn":24,"minecraft:spruce_stairs":2,"jeg:deepslate_scrap_ore":32,"gamma_beasts:deepslate_prehnite_ore":31,"minecraft:purple_bed":19,"rpgsmw:mineral_ore":1,"minecraft:ice":36,"minecraft:sweet_berry_bush":1,"minecraft:spruce_log":26,"minecraft:mangrove_planks":1,"minecraft:mangrove_leaves":1,"amendments:double_cake":1,"gamma_beasts:thin_oak_log":9,"minecraft:coal_ore":161,"minecraft:dark_oak_button":1,"minecraft:cherry_leaves":90,"minecraft:gravel":21,"minecraft:cyan_carpet":1,"minecraft:cobweb":3,"minecraft:polished_andesite":1,"minecraft:small_dripleaf":1,"minecraft:gold_ore":3,"minecraft:deepslate_emerald_ore":3,"minecraft:infested_stone":1,"minecraft:fern":13},"minecraft:crafted":{"minecraft:oak_planks":68,"minecraft:stone":0,"minecraft:crafting_table":1,"minecraft:spruce_planks":92,"minecraft:tnt":7,"minecraft:emerald_block":24,"minecraft:chiseled_deepslate":9,"minecraft:stick":140,"minecraft:iron_ingot":16,"minecraft:gold_ingot":7,"minecraft:deepslate_bricks":512,"minecraft:stone_shovel":6,"minecraft:polished_deepslate":493,"minecraft:deepslate_tile_wall":1,"minecraft:wheat":27,"minecraft:mangrove_planks":28,"minecraft:deepslate_tiles":512,"minecraft:air":0,"minecraft:gold_nugget":63,"minecraft:iron_shovel":16,"minecraft:deepslate_tile_stairs":8,"minecraft:torch":240},"minecraft:killed":{"born_in_chaos_v1:lifestealer_true_form":1,"minecraft:cave_spider":1,"born_in_chaos_v1:mr_pumpkin":27,"born_in_chaos_v1:restless_spirit":1,"born_in_chaos_v1:skeleton_demoman":1,"born_in_chaos_v1:sir_the_headless":1,"minecraft:spider":17,"born_in_chaos_v1:baby_skeleton_minion":2,"minecraft:skeleton":30,"minecraft:chicken":4,"minecraft:silverfish":12,"minecraft:piglin_brute":1,"minecraft:pig":9,"minecraft:salmon":2,"minecraft:creeper":1,"minecraft:sheep":14,"minecraft:pillager":6,"minecraft:zombie":74,"born_in_chaos_v1:corpse_fly":2,"minecraft:stray":1,"alexsmobs:komodo_dragon":1,"minecraft:cow":13,"born_in_chaos_v1:skeleton_thrasher_not_despawn":1,"born_in_chaos_v1:zombie_bruiser":1,"born_in_chaos_v1:maggot":28,"born_in_chaos_v1:pumpkinhead":1,"born_in_chaos_v1:corpse_fish":5,"born_in_chaos_v1:felsteed":1,"minecraft:husk":21,"born_in_chaos_v1:bone_imp_minion":5,"born_in_chaos_v1:baby_skeleton":3,"born_in_chaos_v1:decrepit_skeleton":5,"alexsmobs:catfish":1,"born_in_chaos_v1:dark_vortex":2,"born_in_chaos_v1:nightmare_stalker":1}},"DataVersion":3465}