{"stats":{"minecraft:picked_up":{"minecraft:wooden_sword":1,"rpgsmw:class_choose_orb":1,"minecraft:coarse_dirt":5,"minecraft:arrow":1,"minecraft:bread":9,"minecraft:spruce_log":5,"minecraft:shield":1,"born_in_chaos_v1:corpse_maggot":3,"jeg:healing_talisman":1,"minecraft:dirt":5,"alexsmobs:animal_dictionary":1,"minecraft:rotten_flesh":2},"minecraft:used":{"minecraft:wooden_sword":21,"minecraft:crafting_table":1,"alexsmobs:animal_dictionary":1,"minecraft:shield":6},"minecraft:custom":{"minecraft:time_since_rest":215,"minecraft:play_time":14443,"minecraft:sprint_one_cm":10872,"minecraft:walk_one_cm":22288,"minecraft:damage_taken":632,"minecraft:deaths":2,"minecraft:damage_blocked_by_shield":230,"minecraft:sneak_time":4,"minecraft:mob_kills":4,"minecraft:jump":38,"minecraft:damage_dealt":695,"minecraft:leave_game":1,"minecraft:time_since_death":0,"minecraft:total_world_time":14443,"minecraft:interact_with_crafting_table":1,"minecraft:fall_one_cm":2693,"minecraft:fly_one_cm":2982},"minecraft:mined":{"minecraft:podzol":1,"minecraft:large_fern":1,"minecraft:coarse_dirt":5,"minecraft:grass_block":2,"minecraft:dirt":2,"treechop:chopped_log":5,"minecraft:grass":1},"minecraft:crafted":{"minecraft:spruce_planks":12},"minecraft:killed":{"minecraft:skeleton":1,"born_in_chaos_v1:corpse_fly":1,"born_in_chaos_v1:maggot":2}},"DataVersion":3465}