{"stats":{"minecraft:killed_by":{"minecraft:husk":1},"minecraft:picked_up":{"gamma_beasts:thin_oak_log":39,"minecraft:lead":2,"meds_and_herbs:seeds_sweet_clover":2,"minecraft:potion":1,"minecraft:string":9,"minecraft:raw_copper":137,"minecraft:cooked_salmon":2,"minecraft:smooth_stone_slab":6,"minecraft:red_nether_bricks":1,"minecraft:oak_sign":2,"minecraft:gold_nugget":66,"minecraft:cobbled_deepslate":343,"minecraft:spruce_planks":30,"meds_and_herbs:plantago_leaves":4,"minecraft:rose_bush":1,"minecraft:calcite":1,"minecraft:melon_slice":135,"minecraft:mangrove_log":12,"minecraft:golden_helmet":1,"minecraft:stick":13,"born_in_chaos_v1:shattered_skull":2,"minecraft:torch":21,"minecraft:spruce_stairs":1,"minecraft:porkchop":6,"minecraft:golden_axe":1,"born_in_chaos_v1:nightmare_claw":1,"born_in_chaos_v1:fried_maggot":10,"minecraft:rotten_flesh":158,"create:scoria":4,"create:ochrum":12,"supplementaries:antique_ink":6,"gamma_beasts:coal_nugget":36,"minecraft:mangrove_roots":5,"minecraft:white_terracotta":2,"supplementaries:ash":15,"vinery:apple_log":22,"minecraft:cod":1,"alexsmobs:flying_fish":1,"minecraft:cobblestone":4739,"minecraft:leather_chestplate":1,"minecraft:cooked_beef":10,"minecraft:andesite":3,"minecraft:jungle_log":2,"minecraft:black_bed":2,"gamma_beasts:prehnite":20,"minecraft:flint":1,"minecraft:tuff":22,"gamma_beasts:oak_leaf":80,"supplementaries:flax_seeds":3,"jeg:scrap":97,"skilltree:gem":34,"minecraft:dirt":11037,"minecraft:mangrove_fence":1,"born_in_chaos_v1:monster_skin":3,"born_in_chaos_v1:marigolds":15,"minecraft:bone":34,"minecraft:wheat_seeds":115,"farmersdelight:sweet_berry_cookie":36,"minecraft:raw_gold":26,"minecraft:bamboo":5,"minecraft:oak_planks":15,"minecraft:cooked_porkchop":9,"minecraft:poisonous_potato":4,"minecraft:sand":70,"minecraft:stripped_spruce_log":5,"minecraft:barrel":1,"minecraft:mossy_cobblestone":5,"minecraft:polished_andesite":1,"beachparty:rubber_ring_pelican":2,"minecraft:white_candle":4,"create:crimsite":7,"minecraft:mangrove_wood":1,"born_in_chaos_v1:scorched_planks_fence":6,"minecraft:golden_apple":1,"minecraft:bread":9,"minecraft:spruce_sign":10,"minecraft:emerald":57,"born_in_chaos_v1:rotten_fish":1,"sophisticatedbackpacks:gold_backpack":1,"minecraft:charcoal":2,"minecraft:coarse_dirt":1,"minecraft:crafting_table":3,"rpgsmw:copper_spear":1,"born_in_chaos_v1:smoked_monster_flesh":1,"born_in_chaos_v1:river_mint":12,"minecraft:clay_ball":4,"born_in_chaos_v1:seedof_chaos":1,"minecraft:leather_leggings":2,"minecraft:brown_mushroom":3,"minecraft:chain":1,"minecraft:shield":2,"minecraft:cornflower":1,"minecraft:iron_axe":3,"minecraft:item_frame":2,"minecraft:cyan_carpet":1,"minecraft:beef":13,"vinery:cherry":27,"minecraft:jungle_sapling":1,"minecraft:chest":3,"rpgsmw:biril":1,"crittersandcompanions:clam":1,"minecraft:raw_iron":104,"minecraft:copper_ingot":64,"meds_and_herbs:sweet_clover_flowers":6,"born_in_chaos_v1:pieceofdarkmetal":2,"minecraft:carrot":1,"minecraft:dark_oak_planks":3,"minecraft:purple_candle":5,"minecraft:arrow":30,"minecraft:cooked_cod":1,"minecraft:hay_block":31,"minecraft:gold_ingot":58,"minecraft:mutton":2,"minecraft:white_wool":3,"minecraft:bone_block":2,"born_in_chaos_v1:corpse_maggot":14,"minecraft:dark_oak_button":2,"minecraft:smooth_red_sandstone":1,"minecraft:salmon":4,"minecraft:leather":8,"gamma_beasts:green_apple":100,"minecraft:oak_log":6,"scalinghealth:bandages":3,"minecraft:gunpowder":40,"scalinghealth:heart_crystal":3,"minecraft:white_banner":2,"minecraft:apple":67,"candlelight:rose":1,"born_in_chaos_v1:smoked_flesh":9,"minecraft:iron_ingot":59,"minecraft:stone_pickaxe":1,"scalinghealth:power_crystal_shard":8,"minecraft:soul_sand":6,"jeg:tech_trash":10,"minecraft:dark_oak_stairs":2,"minecraft:polished_andesite_stairs":1,"scalinghealth:heart_crystal_shard":18,"minecraft:smooth_basalt":4,"minecraft:black_candle":7,"minecraft:sweet_berries":52,"born_in_chaos_v1:ethereal_spirit":4,"minecraft:dandelion":2,"minecraft:gravel":18,"born_in_chaos_v1:dark_rod":1,"minecraft:spruce_sapling":9,"minecraft:spruce_log":47,"minecraft:white_bed":3,"gamma_beasts:blackberry":3,"minecraft:spider_eye":1,"minecraft:purple_bed":16,"minecraft:dried_kelp_block":2,"tetra:geode":4,"minecraft:honey_block":1,"minecraft:iron_helmet":1,"minecraft:baked_potato":8,"minecraft:melon_seeds":3,"minecraft:mangrove_propagule":2,"minecraft:coal":115},"minecraft:dropped":{"minecraft:spruce_sign":5,"minecraft:baked_potato":1,"gamma_beasts:prehnite":5,"minecraft:leather":2,"minecraft:dark_oak_button":2,"jeg:scrap":40,"minecraft:item_frame":1,"minecraft:dirt":237,"farmersdelight:sweet_berry_cookie":4,"beachparty:rubber_ring_pelican":2,"minecraft:chain":1,"minecraft:gold_nugget":60,"minecraft:sugar":19,"born_in_chaos_v1:mint_ice_cream":3,"jeg:tech_trash":4,"minecraft:gold_ingot":75,"minecraft:bone":3,"minecraft:gravel":2,"minecraft:cobbled_deepslate":172,"minecraft:rotten_flesh":27,"born_in_chaos_v1:smoked_flesh":2,"minecraft:oak_planks":29,"minecraft:white_candle":2,"minecraft:salmon":2,"beachparty:rubber_ring_axolotl":1,"minecraft:poppy":1,"minecraft:leather_chestplate":1,"minecraft:gunpowder":1,"minecraft:melon_seeds":3,"born_in_chaos_v1:corpse_maggot":2,"minecraft:leather_leggings":2,"born_in_chaos_v1:dark_rod":1,"minecraft:enchanted_book":2,"minecraft:iron_ingot":124,"minecraft:wheat_seeds":65,"minecraft:golden_helmet":1,"minecraft:mossy_cobblestone":2,"gamma_beasts:coal_nugget":23,"minecraft:golden_axe":2,"minecraft:iron_helmet":1,"minecraft:cobblestone":74,"minecraft:lead":2,"minecraft:coal":46,"minecraft:stick":5,"minecraft:smooth_red_sandstone":1,"minecraft:potion":1,"minecraft:iron_axe":2,"minecraft:string":7,"minecraft:dandelion":2,"minecraft:raw_iron":109,"minecraft:stone_shovel":1,"minecraft:iron_boots":1,"minecraft:hay_block":2,"minecraft:shield":2,"minecraft:spruce_planks":10,"minecraft:purple_bed":1,"minecraft:barrel":1,"minecraft:stone_pickaxe":1,"minecraft:raw_gold":13,"minecraft:calcite":1},"minecraft:used":{"minecraft:iron_shovel":12409,"minecraft:bone_block":2,"minecraft:chest":5,"minecraft:stone":1,"minecraft:iron_sword":583,"minecraft:jungle_planks":8,"minecraft:carrot":34,"ironchest:iron_chest":1,"gamma_beasts:prehnite_pickaxe":60,"farmersdelight:sweet_berry_cookie":32,"rpgsmw:copper_spear":86,"born_in_chaos_v1:smoked_flesh":37,"minecraft:stone_pickaxe":123,"minecraft:mangrove_planks":29,"minecraft:oak_planks":10,"minecraft:wooden_pickaxe":49,"minecraft:golden_apple":1,"minecraft:glow_berries":6,"gamma_beasts:blackberry":3,"minecraft:black_bed":2,"minecraft:melon_slice":121,"minecraft:bread":56,"ironchest:iron_to_gold_chest_upgrade":1,"minecraft:gravel":3,"born_in_chaos_v1:smoked_monster_flesh":1,"minecraft:wooden_sword":57,"born_in_chaos_v1:rotten_fish":1,"born_in_chaos_v1:river_mint":2,"minecraft:andesite":2,"minecraft:golden_pickaxe":21,"minecraft:experience_bottle":3,"rpgsmw:stone_greatsword":128,"minecraft:flint_and_steel":7,"minecraft:stone_shovel":479,"minecraft:spruce_planks":28,"gamma_beasts:green_apple":61,"minecraft:cooked_salmon":2,"born_in_chaos_v1:fried_maggot":10,"minecraft:torch":201,"minecraft:dirt":145,"scalinghealth:heart_crystal":4,"minecraft:iron_axe":611,"rpgsmw:iron_greatsword":217,"minecraft:cooked_beef":6,"minecraft:iron_leggings":1,"born_in_chaos_v1:mint_ice_cream":2,"minecraft:baked_potato":7,"minecraft:mossy_cobblestone":1,"minecraft:tnt":7,"minecraft:crafting_table":7,"minecraft:white_bed":4,"minecraft:cake":1,"minecraft:spruce_log":21,"minecraft:iron_pickaxe":246,"minecraft:fishing_rod":12,"minecraft:cobblestone":116,"minecraft:purple_bed":15,"vinery:cherry":22,"minecraft:cooked_porkchop":2,"minecraft:black_candle":1},"minecraft:custom":{"minecraft:interact_with_crafting_table":57,"minecraft:open_barrel":75,"minecraft:eat_cake_slice":33,"minecraft:leave_game":4,"minecraft:time_since_death":39584,"minecraft:damage_resisted":564,"minecraft:sprint_one_cm":1040140,"minecraft:drop":132,"minecraft:play_noteblock":2,"minecraft:talked_to_villager":5,"minecraft:play_time":833723,"minecraft:deaths":26,"minecraft:jump":7138,"minecraft:interact_with_brewingstand":3,"minecraft:walk_on_water_one_cm":68747,"minecraft:interact_with_furnace":3,"minecraft:interact_with_cartography_table":1,"minecraft:sleep_in_bed":49,"minecraft:damage_dealt":58888,"minecraft:player_kills":2,"minecraft:crouch_one_cm":9844,"minecraft:interact_with_anvil":1,"minecraft:mob_kills":202,"minecraft:interact_with_campfire":26,"minecraft:damage_dealt_resisted":3647,"minecraft:climb_one_cm":36524,"minecraft:walk_one_cm":2767332,"minecraft:damage_dealt_absorbed":24,"minecraft:sneak_time":3986,"minecraft:walk_under_water_one_cm":53154,"minecraft:interact_with_blast_furnace":13,"minecraft:total_world_time":833723,"minecraft:tune_noteblock":10,"minecraft:time_since_rest":11535,"minecraft:damage_taken":27927,"minecraft:damage_absorbed":40,"minecraft:swim_one_cm":241941,"minecraft:fly_one_cm":1390390,"minecraft:open_chest":544,"minecraft:fish_caught":3,"minecraft:fall_one_cm":175437},"minecraft:broken":{"rpgsmw:stone_greatsword":1,"minecraft:iron_shovel":49,"minecraft:iron_boots":1,"minecraft:iron_leggings":2,"minecraft:stone_pickaxe":1,"minecraft:stone_shovel":3,"minecraft:wooden_pickaxe":1,"beachparty:rubber_ring_pelican":1,"minecraft:leather_boots":1,"minecraft:iron_pickaxe":1,"minecraft:iron_helmet":2,"minecraft:golden_pickaxe":1},"minecraft:mined":{"minecraft:dark_oak_planks":2,"minecraft:spruce_planks":8,"gamma_beasts:roble_hoja_1":2,"minecraft:white_bed":3,"minecraft:attached_melon_stem":1,"minecraft:red_nether_bricks":2,"minecraft:jungle_leaves":38,"minecraft:grass_block":6434,"minecraft:mangrove_fence":2,"minecraft:jungle_log":1,"minecraft:spawner":15,"minecraft:dark_oak_trapdoor":3,"minecraft:iron_ore":29,"minecraft:barrel":1,"minecraft:dark_oak_stairs":4,"minecraft:smooth_red_sandstone":1,"minecraft:dirt_path":1,"minecraft:oak_stairs":1,"minecraft:black_candle":4,"minecraft:azalea_leaves":1,"minecraft:stripped_mangrove_wood":2,"create:veridium":1,"minecraft:spruce_slab":1,"minecraft:brown_mushroom":3,"minecraft:melon_stem":2,"minecraft:clay":1,"minecraft:torch":7,"minecraft:calcite":2,"minecraft:melon":30,"minecraft:polished_andesite_stairs":1,"minecraft:chest":6,"create:scoria":7,"minecraft:white_stained_glass_pane":1,"minecraft:cobblestone":41,"minecraft:white_candle":1,"minecraft:oak_planks":2,"minecraft:wall_torch":8,"minecraft:white_terracotta":2,"minecraft:chain":1,"minecraft:red_candle":1,"minecraft:dark_oak_slab":5,"minecraft:birch_door":2,"born_in_chaos_v1:river_mint":1,"minecraft:black_bed":3,"minecraft:smooth_stone_slab":6,"minecraft:grass":144,"minecraft:oak_log":2,"minecraft:sand":77,"minecraft:dirt":6221,"minecraft:mangrove_log":3,"minecraft:tripwire_hook":1,"create:crimsite":7,"minecraft:oak_leaves":9,"minecraft:deepslate":192,"minecraft:infested_deepslate":2,"minecraft:tuff":22,"minecraft:mossy_cobblestone":7,"tetra:block_geode":4,"minecraft:dark_oak_log":4,"meds_and_herbs:plantago":4,"minecraft:mangrove_wall_sign":1,"minecraft:mangrove_roots":1,"minecraft:purple_candle":2,"minecraft:spruce_fence":1,"minecraft:mangrove_trapdoor":1,"minecraft:moss_block":3,"minecraft:large_fern":3,"minecraft:hay_block":32,"minecraft:black_stained_glass_pane":4,"gamma_beasts:prehnite_ore":18,"minecraft:andesite":6,"minecraft:stripped_spruce_log":5,"treechop:chopped_log":79,"minecraft:deepslate_iron_ore":61,"minecraft:vine":6,"minecraft:stone":4896,"minecraft:bone_block":3,"gamma_beasts:abeto_hoja":1,"meds_and_herbs:sweet_clover":1,"jeg:scrap_ore":10,"minecraft:soul_sand":6,"born_in_chaos_v1:scorched_planks_fence":3,"minecraft:crafting_table":3,"minecraft:honey_block":1,"minecraft:rose_bush":1,"minecraft:campfire":1,"minecraft:tall_grass":38,"minecraft:copper_ore":36,"minecraft:deepslate_coal_ore":1,"minecraft:dried_kelp_block":2,"minecraft:deepslate_gold_ore":4,"minecraft:cracked_deepslate_bricks":1,"gamma_beasts:deepslate_prehnite_ore":2,"jeg:deepslate_scrap_ore":21,"supplementaries:urn":17,"minecraft:spruce_stairs":2,"minecraft:black_stained_glass":2,"minecraft:purple_bed":16,"minecraft:coarse_dirt":2,"rpgsmw:mineral_ore":1,"minecraft:sweet_berry_bush":1,"minecraft:ice":20,"minecraft:spruce_log":26,"minecraft:mangrove_planks":1,"minecraft:mangrove_leaves":1,"amendments:double_cake":1,"gamma_beasts:thin_oak_log":9,"minecraft:coal_ore":111,"minecraft:dark_oak_button":1,"minecraft:cyan_carpet":1,"minecraft:gravel":21,"minecraft:cobweb":3,"minecraft:polished_andesite":1,"minecraft:small_dripleaf":1,"minecraft:gold_ore":3,"minecraft:deepslate_emerald_ore":3,"minecraft:fern":13},"minecraft:crafted":{"minecraft:oak_planks":68,"minecraft:crafting_table":1,"minecraft:spruce_planks":92,"minecraft:tnt":7,"minecraft:emerald_block":24,"minecraft:stick":140,"minecraft:iron_ingot":16,"minecraft:gold_ingot":7,"minecraft:stone_shovel":6,"minecraft:wheat":27,"minecraft:mangrove_planks":28,"minecraft:air":0,"minecraft:gold_nugget":63,"minecraft:iron_shovel":16,"minecraft:torch":208},"minecraft:killed":{"born_in_chaos_v1:lifestealer_true_form":1,"minecraft:cave_spider":1,"born_in_chaos_v1:restless_spirit":1,"born_in_chaos_v1:skeleton_demoman":1,"minecraft:spider":7,"born_in_chaos_v1:baby_skeleton_minion":2,"minecraft:skeleton":22,"minecraft:silverfish":3,"minecraft:piglin_brute":1,"minecraft:pig":4,"minecraft:salmon":2,"minecraft:sheep":3,"minecraft:pillager":2,"minecraft:zombie":64,"born_in_chaos_v1:corpse_fly":2,"minecraft:stray":1,"alexsmobs:komodo_dragon":1,"minecraft:cow":5,"born_in_chaos_v1:skeleton_thrasher_not_despawn":1,"born_in_chaos_v1:maggot":26,"born_in_chaos_v1:corpse_fish":2,"minecraft:husk":21,"born_in_chaos_v1:bone_imp_minion":5,"born_in_chaos_v1:baby_skeleton":2,"born_in_chaos_v1:decrepit_skeleton":5,"born_in_chaos_v1:dark_vortex":2,"born_in_chaos_v1:nightmare_stalker":1}},"DataVersion":3465}