{"stats":{"minecraft:custom":{"minecraft:interact_with_crafting_table":89,"minecraft:open_barrel":103,"minecraft:bell_ring":1,"minecraft:eat_cake_slice":33,"minecraft:leave_game":10,"minecraft:time_since_death":5527,"minecraft:play_time":1875091,"minecraft:deaths":68,"minecraft:jump":19597,"minecraft:interact_with_furnace":12,"minecraft:interact_with_cartography_table":1,"minecraft:sleep_in_bed":131,"minecraft:damage_dealt":180865,"minecraft:interact_with_smoker":1,"minecraft:inspect_dispenser":1,"minecraft:interact_with_smithing_table":1,"minecraft:interact_with_anvil":1,"minecraft:damage_dealt_absorbed":24,"minecraft:sneak_time":24756,"minecraft:interact_with_blast_furnace":21,"minecraft:total_world_time":1875091,"minecraft:tune_noteblock":12,"minecraft:interact_with_stonecutter":19,"minecraft:time_since_rest":5549,"minecraft:swim_one_cm":555388,"minecraft:fly_one_cm":3828458,"minecraft:open_chest":929,"minecraft:fish_caught":3,"minecraft:fall_one_cm":465714,"minecraft:damage_resisted":996,"minecraft:sprint_one_cm":2576201,"minecraft:drop":535,"minecraft:play_noteblock":2,"minecraft:talked_to_villager":5,"minecraft:interact_with_brewingstand":3,"minecraft:walk_on_water_one_cm":218160,"minecraft:player_kills":4,"minecraft:crouch_one_cm":100250,"minecraft:mob_kills":496,"minecraft:interact_with_campfire":26,"minecraft:damage_dealt_resisted":9964,"minecraft:climb_one_cm":57337,"minecraft:walk_one_cm":5730402,"minecraft:walk_under_water_one_cm":246253,"minecraft:raid_trigger":1,"minecraft:damage_taken":78625,"minecraft:damage_absorbed":40},"minecraft:used":{"minecraft:chiseled_deepslate":698,"minecraft:chest":8,"minecraft:stone":1,"ironchest:iron_chest":2,"gamma_beasts:prehnite_pickaxe":267,"born_in_chaos_v1:smoked_flesh":37,"minecraft:bow":44,"minecraft:wooden_pickaxe":49,"minecraft:golden_apple":1,"minecraft:glow_berries":6,"gamma_beasts:prehnite_axe":265,"gamma_beasts:blackberry":3,"minecraft:stripped_cherry_wood":35,"minecraft:deepslate_tiles":773,"rpgsmw:steel_greatsword":355,"minecraft:wooden_sword":57,"rpgsmw:steel_paladin_armour_leggings":1,"minecraft:oak_boat":5,"rpgsmw:stone_greatsword":128,"minecraft:cooked_salmon":2,"born_in_chaos_v1:fried_maggot":10,"minecraft:stick":1,"minecraft:torch":718,"minecraft:iron_axe":1636,"minecraft:cherry_slab":1368,"minecraft:cobbled_deepslate":3,"minecraft:cherry_fence":11,"minecraft:cherry_log":732,"born_in_chaos_v1:mint_ice_cream":2,"alexsmobs:cooked_catfish":2,"minecraft:cherry_planks":2,"minecraft:mossy_cobblestone":1,"minecraft:tnt":7,"minecraft:crafting_table":7,"minecraft:white_bed":22,"minecraft:cake":1,"minecraft:spruce_log":21,"gamma_beasts:prehnite_shovel":907,"minecraft:deepslate_tile_wall":428,"minecraft:iron_pickaxe":506,"minecraft:cobblestone":329,"minecraft:purple_bed":29,"vinery:cherry":22,"minecraft:cooked_porkchop":2,"minecraft:black_candle":1,"minecraft:cherry_sapling":98,"minecraft:iron_shovel":12409,"minecraft:bone_block":2,"minecraft:iron_sword":2227,"minecraft:jungle_planks":8,"minecraft:carrot":34,"minecraft:deepslate_tile_slab":564,"farmersdelight:sweet_berry_cookie":32,"rpgsmw:steel_paladin_armour_boots":2,"rpgsmw:copper_spear":182,"minecraft:stone_pickaxe":333,"minecraft:mangrove_planks":29,"minecraft:oak_planks":39,"minecraft:diamond_axe":1542,"minecraft:crossbow":6,"minecraft:black_bed":5,"minecraft:redstone_torch":1,"minecraft:melon_slice":121,"minecraft:bread":185,"ironchest:iron_to_gold_chest_upgrade":1,"minecraft:gravel":3,"born_in_chaos_v1:smoked_monster_flesh":1,"born_in_chaos_v1:rotten_fish":1,"born_in_chaos_v1:river_mint":2,"minecraft:andesite":2,"rpgsmw:iron_one_handed_crossbow":1,"minecraft:coarse_dirt":2,"minecraft:golden_pickaxe":21,"minecraft:experience_bottle":3,"minecraft:cherry_wood":89,"minecraft:flint_and_steel":64,"minecraft:stone_shovel":929,"minecraft:redstone":1,"minecraft:spruce_planks":28,"gamma_beasts:green_apple":100,"supplementaries:sconce":4,"minecraft:dirt":3360,"scalinghealth:heart_crystal":22,"minecraft:dark_oak_planks":10,"rpgsmw:iron_greatsword":224,"scalinghealth:power_crystal":4,"minecraft:deepslate_tile_stairs":438,"scalinghealth:bandages":1,"minecraft:cooked_beef":6,"minecraft:iron_leggings":1,"minecraft:baked_potato":7,"minecraft:stonecutter":2,"minecraft:apple":147,"minecraft:fishing_rod":12,"minecraft:cherry_stairs":60,"minecraft:pumpkin_pie":5},"minecraft:dropped":{"minecraft:crossbow":2,"born_in_chaos_v1:sea_terror_stomach":1,"minecraft:dark_oak_button":2,"minecraft:item_frame":1,"minecraft:dirt":5025,"faded_conquest_2:key_of_conquest":1,"beachparty:rubber_ring_pelican":2,"minecraft:chain":1,"minecraft:gold_nugget":60,"minecraft:sand":314,"scalinghealth:chance_heart":1,"minecraft:sugar":19,"born_in_chaos_v1:mint_ice_cream":3,"minecraft:bone":6,"minecraft:cobbled_deepslate":316,"minecraft:rotten_flesh":33,"born_in_chaos_v1:smoked_flesh":2,"minecraft:oak_planks":29,"minecraft:salmon":2,"minecraft:chiseled_deepslate":10,"beachparty:rubber_ring_axolotl":1,"minecraft:deepslate_tiles":182,"minecraft:leather_boots":1,"minecraft:leather_leggings":2,"minecraft:spruce_slab":6,"minecraft:enchanted_book":2,"minecraft:iron_ingot":124,"minecraft:wheat_seeds":66,"minecraft:iron_helmet":1,"minecraft:cobblestone":10171,"minecraft:apple":1,"minecraft:deepslate_tile_slab":86,"minecraft:coal":46,"rpgsmw:steel_paladin_armour_helmet":1,"minecraft:cherry_planks":33,"minecraft:potion":1,"minecraft:white_banner":1,"minecraft:paper":8,"minecraft:string":16,"minecraft:player_head":1,"minecraft:stone_shovel":1,"minecraft:iron_boots":1,"minecraft:cherry_slab":34,"minecraft:hay_block":2,"rpgsmw:iron_one_handed_crossbow":1,"minecraft:spruce_planks":10,"meds_and_herbs:bark_cherry":256,"minecraft:barrel":1,"rpgsmw:steel_greatsword":1,"minecraft:spruce_sign":5,"minecraft:baked_potato":1,"minecraft:deepslate_tile_wall":28,"gamma_beasts:prehnite":5,"minecraft:leather":2,"jeg:scrap":40,"minecraft:deepslate_tile_stairs":36,"born_in_chaos_v1:monster_skin":1,"farmersdelight:sweet_berry_cookie":4,"jeg:tech_trash":4,"minecraft:gold_ingot":75,"minecraft:gravel":3,"minecraft:cherry_stairs":16,"minecraft:white_candle":2,"minecraft:poppy":1,"minecraft:leather_chestplate":1,"minecraft:gunpowder":1,"minecraft:melon_seeds":3,"born_in_chaos_v1:corpse_maggot":2,"faded_conquest_2:keyof_pestilence":1,"minecraft:iron_bars":2,"born_in_chaos_v1:dark_rod":1,"minecraft:bread":16,"minecraft:golden_helmet":1,"minecraft:cherry_log":7,"minecraft:mossy_cobblestone":2,"vinery:dark_cherry_planks":14,"gamma_beasts:coal_nugget":23,"minecraft:golden_axe":2,"minecraft:lead":2,"minecraft:stick":5,"minecraft:smooth_red_sandstone":1,"minecraft:iron_axe":2,"minecraft:pink_petals":2,"minecraft:dandelion":2,"minecraft:raw_iron":109,"minecraft:filled_map":7,"minecraft:shield":2,"minecraft:purple_bed":1,"minecraft:stone_pickaxe":1,"minecraft:raw_gold":13,"minecraft:calcite":1},"minecraft:picked_up":{"gamma_beasts:thin_oak_log":39,"minecraft:chainmail_boots":1,"minecraft:lead":3,"vinery:red_grape_seeds":6,"minecraft:polished_deepslate":1,"minecraft:string":115,"minecraft:cooked_salmon":2,"minecraft:red_nether_bricks":1,"minecraft:shroomlight":2,"minecraft:beetroot":1,"minecraft:gold_nugget":99,"minecraft:cobbled_deepslate":3878,"minecraft:spruce_planks":31,"rpgsmw:rawmiphrilignot":3,"minecraft:melon_slice":135,"minecraft:coal_block":2,"minecraft:mangrove_log":12,"minecraft:golden_helmet":1,"born_in_chaos_v1:shattered_skull":4,"minecraft:golden_axe":1,"minecraft:cherry_log":1072,"minecraft:deepslate_tile_stairs":73,"born_in_chaos_v1:fried_maggot":10,"create:scoria":4,"rpgsmw:steel_greatsword":2,"create:ochrum":12,"gamma_beasts:coal_nugget":60,"minecraft:white_terracotta":2,"supplementaries:ash":28,"minecraft:iron_bars":2,"alexsmobs:flying_fish":3,"minecraft:cooked_beef":10,"minecraft:feather":6,"minecraft:jungle_log":2,"faded_conquest_2:key_of_conquest":2,"minecraft:flint":4,"minecraft:cherry_fence":11,"jeg:scrap":127,"faded_conquest_2:keyof_pestilence":2,"born_in_chaos_v1:marigolds":15,"rpgsmw:iron_one_handed_crossbow":1,"blocky_siege:fire_bomb_0":3,"scalinghealth:enchanted_heart":3,"minecraft:stripped_spruce_log":5,"minecraft:barrel":6,"minecraft:polished_andesite":1,"minecraft:white_candle":4,"create:crimsite":7,"minecraft:granite":22,"minecraft:bread":25,"born_in_chaos_v1:rotten_fish":17,"minecraft:cherry_slab":181,"sophisticatedbackpacks:gold_backpack":1,"minecraft:coarse_dirt":3,"minecraft:crafting_table":3,"blocky_siege:cannon":6,"minecraft:clay_ball":4,"born_in_chaos_v1:smoked_monster_flesh":1,"rpgsmw:copper_spear":1,"born_in_chaos_v1:seedof_chaos":1,"minecraft:leather_leggings":2,"minecraft:stripped_cherry_log":1,"minecraft:cornflower":1,"alexsmobs:cooked_catfish":2,"born_in_chaos_v1:intoxicating_decoction":2,"minecraft:beef":46,"rpgsmw:steel_paladin_armour_boots":2,"vinery:cherry":27,"minecraft:jungle_sapling":1,"minecraft:iron_nugget":4,"minecraft:spruce_slab":6,"minecraft:chest":3,"minecraft:birch_sapling":1,"rpgsmw:biril":1,"ironchest:iron_chest":1,"sophisticatedbackpacks:backpack":1,"born_in_chaos_v1:pieceofdarkmetal":4,"minecraft:carrot":1,"minecraft:redstone":3,"minecraft:cooked_cod":1,"minecraft:beetroot_seeds":2,"supplementaries:sconce":4,"minecraft:hay_block":31,"minecraft:gold_ingot":58,"minecraft:mutton":26,"minecraft:white_wool":38,"minecraft:bone_block":2,"born_in_chaos_v1:pumpkin_staff":1,"minecraft:smooth_red_sandstone":1,"beachparty:raw_mussel_meat":37,"minecraft:filled_map":4,"minecraft:oak_log":25,"scalinghealth:bandages":7,"minecraft:white_banner":6,"born_in_chaos_v1:soul_cutlass":1,"minecraft:apple":183,"minecraft:kelp":9,"gamma_beasts:meat":1,"minecraft:spore_blossom":1,"born_in_chaos_v1:smoked_flesh":9,"minecraft:stone_pickaxe":1,"scalinghealth:power_crystal_shard":37,"blocky_siege:cannon_ball_0":13,"minecraft:dark_oak_stairs":6,"minecraft:polished_andesite_stairs":1,"minecraft:smooth_basalt":30,"minecraft:sweet_berries":52,"born_in_chaos_v1:ethereal_spirit":4,"minecraft:gravel":50,"minecraft:spruce_sapling":10,"minecraft:spruce_log":48,"rpgsmw:steel_paladin_armour_leggings":2,"minecraft:purple_bed":31,"tetra:geode":8,"rpgsmw:crossbow_bolt_model":2,"minecraft:baked_potato":8,"minecraft:melon_seeds":3,"minecraft:mangrove_propagule":2,"minecraft:chiseled_deepslate":124,"gamma_beasts:fur":5,"meds_and_herbs:seeds_sweet_clover":2,"minecraft:potion":1,"born_in_chaos_v1:holiday_candy":30,"minecraft:raw_copper":186,"minecraft:smooth_stone_slab":6,"minecraft:oak_sign":2,"minecraft:deepslate_tiles":248,"meds_and_herbs:plantago_leaves":8,"minecraft:redstone_torch":1,"minecraft:rose_bush":1,"minecraft:calcite":1,"minecraft:smooth_quartz":6,"minecraft:deepslate_tile_wall":56,"vinery:dark_cherry_planks":30,"minecraft:iron_boots":1,"minecraft:tipped_arrow":4,"minecraft:stick":494,"blocky_siege:barrel_of_gunpowder":2,"minecraft:torch":312,"minecraft:spruce_stairs":1,"minecraft:porkchop":18,"born_in_chaos_v1:nightmare_claw":1,"minecraft:cactus":13,"minecraft:rotten_flesh":217,"supplementaries:antique_ink":6,"minecraft:mangrove_roots":5,"minecraft:cod":1,"vinery:apple_log":61,"minecraft:cobblestone":17709,"minecraft:pink_petals":147,"minecraft:leather_chestplate":1,"minecraft:cherry_planks":1,"minecraft:andesite":12,"minecraft:black_bed":5,"minecraft:chiseled_quartz_block":2,"gamma_beasts:prehnite":61,"minecraft:potato":1,"minecraft:tuff":39,"create:raw_zinc":7,"gamma_beasts:oak_leaf":91,"supplementaries:flax_seeds":3,"minecraft:lapis_lazuli":42,"skilltree:gem":56,"minecraft:dirt":17176,"born_in_chaos_v1:monster_skin":4,"minecraft:leather_boots":1,"minecraft:mangrove_fence":1,"minecraft:bone":92,"minecraft:bow":2,"minecraft:wheat_seeds":134,"farmersdelight:sweet_berry_cookie":36,"minecraft:raw_gold":45,"minecraft:bamboo":5,"minecraft:oak_planks":18,"minecraft:cooked_porkchop":9,"minecraft:poisonous_potato":5,"minecraft:sand":1231,"minecraft:mossy_cobblestone":6,"minecraft:light_gray_concrete":1,"beachparty:rubber_ring_pelican":2,"rpgsmw:steel_paladin_armour_chestplate":2,"minecraft:diamond":7,"born_in_chaos_v1:fire_dust":1,"minecraft:mangrove_wood":1,"born_in_chaos_v1:scorched_planks_fence":6,"minecraft:cherry_wood":91,"minecraft:crossbow":2,"minecraft:bone_meal":2,"minecraft:golden_apple":1,"minecraft:spruce_sign":10,"minecraft:emerald":63,"born_in_chaos_v1:sea_terror_stomach":2,"minecraft:charcoal":10,"minecraft:chicken":4,"born_in_chaos_v1:river_mint":12,"minecraft:brown_mushroom":9,"faded_conquest_2:summon_blocknight":5,"minecraft:chain":1,"minecraft:shield":3,"rpgsmw:steel_paladin_armour_helmet":3,"minecraft:iron_axe":3,"minecraft:item_frame":2,"beachparty:seashell":37,"minecraft:cyan_carpet":1,"vinery:apple_tree_sapling":9,"scalinghealth:chance_heart":2,"minecraft:andesite_stairs":1,"minecraft:oak_boat":4,"minecraft:player_head":5,"minecraft:sugar_cane":2,"crittersandcompanions:clam":2,"minecraft:raw_iron":124,"minecraft:cherry_stairs":70,"minecraft:copper_ingot":65,"meds_and_herbs:sweet_clover_flowers":6,"minecraft:dark_oak_planks":14,"minecraft:purple_candle":5,"minecraft:arrow":71,"crittersandcompanions:silk":10,"born_in_chaos_v1:corpse_maggot":22,"minecraft:dark_oak_button":2,"meds_and_herbs:bark_cherry":780,"minecraft:salmon":4,"minecraft:leather":21,"gamma_beasts:green_apple":100,"minecraft:gunpowder":69,"scalinghealth:heart_crystal":20,"minecraft:deepslate_tile_slab":156,"minecraft:red_carpet":3,"candlelight:rose":1,"minecraft:rabbit_hide":8,"minecraft:iron_ingot":60,"minecraft:polished_andesite_slab":1,"minecraft:soul_sand":6,"jeg:tech_trash":10,"scalinghealth:heart_crystal_shard":23,"minecraft:black_candle":7,"minecraft:dandelion":2,"minecraft:raw_iron_block":2,"born_in_chaos_v1:dark_rod":1,"minecraft:stripped_cherry_wood":41,"minecraft:white_bed":19,"gamma_beasts:blackberry":3,"minecraft:spider_eye":25,"alexsmobs:raw_catfish":3,"minecraft:pumpkin_seeds":29,"minecraft:dried_kelp_block":2,"minecraft:honey_block":1,"minecraft:iron_helmet":1,"minecraft:cherry_sapling":1056,"minecraft:black_wool":1,"minecraft:coal":165},"minecraft:mined":{"minecraft:dark_oak_planks":13,"minecraft:white_bed":19,"minecraft:cherry_log":271,"minecraft:jungle_leaves":38,"minecraft:red_nether_bricks":2,"minecraft:granite":22,"minecraft:deepslate_tile_wall":28,"minecraft:jungle_log":1,"minecraft:coal_block":2,"minecraft:deepslate_tile_stairs":37,"supplementaries:sconce_wall":4,"minecraft:spawner":32,"minecraft:tall_seagrass":2,"minecraft:dark_oak_trapdoor":3,"minecraft:cobbled_deepslate":3,"minecraft:barrel":2,"minecraft:fire":4,"minecraft:smooth_red_sandstone":1,"minecraft:dirt_path":3,"scalinghealth:deepslate_power_crystal_ore":6,"minecraft:oak_stairs":1,"minecraft:light_gray_concrete":1,"minecraft:stripped_mangrove_wood":2,"create:veridium":1,"minecraft:player_head":5,"blocky_siege:cannon_ball_3":1,"minecraft:brown_mushroom":9,"minecraft:stripped_cherry_wood":41,"minecraft:kelp_plant":2,"minecraft:deepslate_tile_slab":62,"minecraft:powder_snow":98,"minecraft:torch":11,"vinery:red_grape_bush":2,"minecraft:polished_andesite_stairs":1,"minecraft:melon":30,"create:scoria":7,"minecraft:white_stained_glass_pane":1,"minecraft:dead_bush":1,"minecraft:white_candle":1,"minecraft:cherry_slab":125,"minecraft:white_terracotta":2,"minecraft:chain":1,"minecraft:cherry_fence":11,"minecraft:birch_door":2,"minecraft:black_bed":6,"minecraft:grass":201,"blocky_siege:fire_bomb_2":1,"minecraft:smooth_quartz":1,"minecraft:mangrove_log":3,"minecraft:smooth_basalt":34,"minecraft:red_mushroom_block":13,"born_in_chaos_v1:infernal_evil_pumpkin_s":1,"minecraft:deepslate":3642,"create:zinc_ore":7,"minecraft:infested_deepslate":7,"minecraft:deepslate_tiles":63,"blocky_siege:barrel_of_gunpowder":2,"minecraft:mossy_cobblestone":10,"tetra:block_geode":8,"minecraft:cherry_sapling":4,"minecraft:dark_oak_log":4,"minecraft:purple_candle":2,"minecraft:spruce_fence":1,"minecraft:redstone_wire":1,"minecraft:cherry_wood":56,"minecraft:moss_block":3,"minecraft:kelp":4,"minecraft:black_stained_glass_pane":4,"minecraft:andesite":16,"minecraft:vine":6,"minecraft:bone_block":3,"minecraft:white_wool":25,"jeg:scrap_ore":10,"minecraft:cherry_planks":2,"minecraft:soul_sand":6,"minecraft:campfire":5,"minecraft:copper_ore":49,"minecraft:tall_grass":47,"blocky_siege:cannon_ball_1":1,"minecraft:dried_kelp_block":2,"minecraft:deepslate_gold_ore":23,"minecraft:cracked_deepslate_bricks":1,"jeg:deepslate_scrap_ore":32,"minecraft:black_stained_glass":2,"minecraft:purple_bed":31,"minecraft:coarse_dirt":4,"minecraft:spruce_log":27,"minecraft:birch_leaves":1,"minecraft:mangrove_leaves":1,"amendments:double_cake":1,"minecraft:dark_oak_button":1,"minecraft:gravel":47,"minecraft:cobweb":39,"minecraft:gold_ore":3,"minecraft:deepslate_emerald_ore":3,"minecraft:fern":14,"minecraft:infested_stone":1,"minecraft:spruce_planks":9,"gamma_beasts:roble_hoja_1":2,"minecraft:attached_melon_stem":1,"minecraft:andesite_stairs":1,"minecraft:sculk_vein":3,"minecraft:grass_block":6679,"minecraft:mangrove_fence":2,"born_in_chaos_v1:fel_soil_destructible":2,"vinery:apple_log":6,"beachparty:seashell_block":37,"minecraft:raw_iron_block":2,"minecraft:iron_ore":49,"minecraft:dark_oak_stairs":8,"supplementaries:stick":1,"minecraft:iron_bars":1,"minecraft:black_candle":4,"minecraft:azalea_leaves":1,"minecraft:spruce_slab":6,"minecraft:melon_stem":2,"minecraft:clay":1,"minecraft:calcite":2,"minecraft:chest":6,"minecraft:cobblestone":72,"minecraft:oak_planks":5,"minecraft:wall_torch":15,"minecraft:pink_petals":3,"minecraft:seagrass":1,"minecraft:red_candle":1,"minecraft:dark_oak_slab":5,"born_in_chaos_v1:river_mint":1,"minecraft:smooth_stone_slab":6,"minecraft:oak_log":2,"minecraft:sand":1008,"minecraft:dirt":6819,"vinery:apple_leaves":10,"minecraft:tripwire_hook":1,"create:crimsite":7,"minecraft:oak_leaves":13,"minecraft:red_carpet":3,"minecraft:tuff":39,"minecraft:dark_oak_leaves":1,"minecraft:deepslate_diamond_ore":5,"minecraft:mangrove_roots":1,"minecraft:mangrove_wall_sign":1,"meds_and_herbs:plantago":6,"minecraft:polished_andesite_slab":1,"minecraft:mangrove_trapdoor":1,"minecraft:spruce_leaves":2,"blocky_siege:cannon":6,"minecraft:sandstone":1,"minecraft:large_fern":3,"minecraft:hay_block":32,"minecraft:spore_blossom":1,"gamma_beasts:prehnite_ore":30,"minecraft:stripped_spruce_log":5,"minecraft:chiseled_deepslate":124,"treechop:chopped_log":887,"minecraft:shroomlight":2,"minecraft:deepslate_iron_ore":64,"crittersandcompanions:silk_cocoon":2,"minecraft:stone":8577,"minecraft:cherry_stairs":58,"gamma_beasts:abeto_hoja":1,"meds_and_herbs:sweet_clover":1,"born_in_chaos_v1:scorched_planks_fence":3,"minecraft:crafting_table":3,"minecraft:honey_block":1,"minecraft:rose_bush":1,"minecraft:deepslate_coal_ore":1,"minecraft:lapis_ore":3,"minecraft:sculk":3,"supplementaries:urn":24,"minecraft:spruce_stairs":2,"gamma_beasts:deepslate_prehnite_ore":31,"minecraft:birch_planks":2,"minecraft:cactus":3,"rpgsmw:mineral_ore":1,"minecraft:sweet_berry_bush":1,"minecraft:ice":36,"minecraft:mangrove_planks":1,"minecraft:white_wall_banner":1,"gamma_beasts:thin_oak_log":9,"minecraft:coal_ore":161,"blocky_siege:cannon_ball_0":3,"minecraft:cherry_leaves":101,"minecraft:cyan_carpet":1,"minecraft:polished_andesite":1,"minecraft:small_dripleaf":1},"minecraft:broken":{"rpgsmw:steel_paladin_armour_boots":2,"minecraft:iron_boots":2,"minecraft:iron_leggings":2,"minecraft:wooden_pickaxe":1,"beachparty:rubber_ring_pelican":1,"minecraft:iron_axe":2,"minecraft:iron_pickaxe":1,"minecraft:iron_helmet":2,"gamma_beasts:prehnite_axe":1,"rpgsmw:stone_greatsword":1,"minecraft:iron_shovel":49,"rpgsmw:steel_paladin_armour_helmet":3,"rpgsmw:steel_paladin_armour_leggings":2,"minecraft:stone_pickaxe":2,"rpgsmw:steel_paladin_armour_chestplate":2,"minecraft:stone_shovel":7,"gamma_beasts:prehnite_shovel":3,"minecraft:flint_and_steel":1,"gamma_beasts:prehnite_pickaxe":1,"minecraft:diamond_axe":1,"rpgsmw:copper_spear":1,"minecraft:leather_boots":1,"minecraft:golden_pickaxe":1,"rpgsmw:iron_greatsword":1},"minecraft:killed":{"minecraft:cave_spider":44,"born_in_chaos_v1:mr_pumpkin":27,"born_in_chaos_v1:restless_spirit":1,"born_in_chaos_v1:skeleton_demoman":1,"born_in_chaos_v1:sir_the_headless":1,"born_in_chaos_v1:baby_skeleton_minion":2,"minecraft:skeleton":39,"minecraft:chicken":4,"jeg:ghoul":1,"minecraft:magma_cube":5,"minecraft:salmon":2,"minecraft:pillager":14,"minecraft:zombie":94,"born_in_chaos_v1:corpse_fly":7,"minecraft:cow":21,"born_in_chaos_v1:skeleton_thrasher_not_despawn":2,"faded_conquest_2:blocknight_paladin":2,"born_in_chaos_v1:pumpkinhead":1,"minecraft:husk":21,"born_in_chaos_v1:bone_imp_minion":5,"born_in_chaos_v1:decrepit_skeleton":13,"alexsmobs:catfish":1,"born_in_chaos_v1:bloody_gadfly":1,"born_in_chaos_v1:dark_vortex":2,"born_in_chaos_v1:lifestealer_true_form":1,"born_in_chaos_v1:zombie_clown":1,"minecraft:spider":27,"faded_conquest_2:toxicrow":2,"minecraft:silverfish":12,"minecraft:piglin_brute":11,"minecraft:piglin":9,"minecraft:pig":9,"born_in_chaos_v1:glutton_fish":1,"gamma_beasts:careyatros_a":2,"minecraft:creeper":3,"minecraft:sheep":15,"minecraft:stray":9,"alexsmobs:komodo_dragon":1,"born_in_chaos_v1:zombie_bruiser":1,"born_in_chaos_v1:maggot":31,"minecraft:drowned":4,"born_in_chaos_v1:corpse_fish":9,"born_in_chaos_v1:felsteed":1,"born_in_chaos_v1:baby_skeleton":4,"born_in_chaos_v1:swarmer":1,"gamma_beasts:careyatros_c":1,"born_in_chaos_v1:nightmare_stalker":1},"minecraft:killed_by":{"minecraft:husk":1},"minecraft:crafted":{"rpgsmw:blue_fabric":10,"minecraft:chiseled_deepslate":9,"minecraft:gold_ingot":7,"minecraft:stone_shovel":6,"minecraft:deepslate_tile_wall":1,"minecraft:wheat":27,"rpgsmw:fabric":8,"rpgsmw:steel":7,"minecraft:deepslate_tiles":512,"minecraft:iron_shovel":16,"minecraft:deepslate_tile_stairs":8,"minecraft:oak_planks":140,"minecraft:stone":0,"minecraft:crafting_table":1,"minecraft:spruce_planks":92,"minecraft:tnt":7,"minecraft:emerald_block":24,"minecraft:stick":140,"minecraft:iron_ingot":16,"minecraft:deepslate_bricks":512,"minecraft:cherry_planks":12,"minecraft:polished_deepslate":493,"minecraft:mangrove_planks":28,"minecraft:air":0,"minecraft:blue_dye":32,"minecraft:gold_nugget":63,"minecraft:torch":240}},"DataVersion":3465}