{"stats":{"minecraft:picked_up":{"sophisticatedbackpacks:gold_backpack":1,"minecraft:charcoal":2,"minecraft:crafting_table":2,"minecraft:coarse_dirt":1,"born_in_chaos_v1:smoked_monster_flesh":1,"born_in_chaos_v1:seedof_chaos":1,"minecraft:leather_leggings":2,"minecraft:brown_mushroom":3,"minecraft:lead":2,"minecraft:potion":1,"minecraft:shield":2,"minecraft:cornflower":1,"minecraft:string":2,"minecraft:cooked_salmon":2,"minecraft:iron_axe":3,"minecraft:smooth_stone_slab":6,"minecraft:oak_sign":2,"minecraft:cobbled_deepslate":1,"minecraft:spruce_planks":22,"minecraft:beef":13,"minecraft:jungle_sapling":1,"minecraft:melon_slice":121,"minecraft:chest":2,"minecraft:mangrove_log":12,"minecraft:golden_helmet":1,"minecraft:stick":5,"minecraft:raw_iron":5,"born_in_chaos_v1:shattered_skull":2,"minecraft:torch":12,"minecraft:porkchop":6,"minecraft:golden_axe":1,"born_in_chaos_v1:pieceofdarkmetal":2,"born_in_chaos_v1:nightmare_claw":1,"minecraft:carrot":1,"minecraft:purple_candle":5,"minecraft:arrow":1,"born_in_chaos_v1:fried_maggot":10,"minecraft:rotten_flesh":119,"minecraft:cooked_cod":1,"minecraft:hay_block":31,"minecraft:mangrove_roots":5,"gamma_beasts:coal_nugget":4,"minecraft:gold_ingot":58,"minecraft:white_terracotta":2,"minecraft:mutton":2,"minecraft:white_wool":3,"alexsmobs:flying_fish":1,"minecraft:bone_block":2,"minecraft:cod":1,"minecraft:cobblestone":51,"born_in_chaos_v1:corpse_maggot":8,"minecraft:leather_chestplate":1,"minecraft:cooked_beef":10,"minecraft:dark_oak_button":2,"minecraft:jungle_log":2,"minecraft:smooth_red_sandstone":1,"minecraft:andesite":3,"minecraft:salmon":4,"minecraft:black_bed":2,"minecraft:leather":8,"minecraft:oak_log":6,"scalinghealth:bandages":2,"scalinghealth:heart_crystal":2,"skilltree:gem":5,"minecraft:dirt":7,"born_in_chaos_v1:monster_skin":3,"minecraft:bone":5,"minecraft:wheat_seeds":4,"farmersdelight:sweet_berry_cookie":36,"minecraft:stone_pickaxe":1,"born_in_chaos_v1:smoked_flesh":9,"minecraft:iron_ingot":49,"scalinghealth:power_crystal_shard":3,"minecraft:bamboo":5,"minecraft:oak_planks":15,"minecraft:soul_sand":6,"minecraft:smooth_basalt":4,"minecraft:polished_andesite_stairs":1,"scalinghealth:heart_crystal_shard":13,"minecraft:black_candle":7,"minecraft:cooked_porkchop":8,"minecraft:sweet_berries":52,"born_in_chaos_v1:ethereal_spirit":2,"minecraft:dandelion":2,"minecraft:poisonous_potato":4,"minecraft:gravel":1,"minecraft:white_bed":2,"minecraft:stripped_spruce_log":5,"minecraft:spruce_sapling":4,"minecraft:spruce_log":7,"gamma_beasts:blackberry":3,"minecraft:barrel":1,"minecraft:mossy_cobblestone":5,"minecraft:dried_kelp_block":2,"beachparty:rubber_ring_pelican":2,"minecraft:polished_andesite":1,"minecraft:white_candle":4,"create:crimsite":7,"minecraft:purple_bed":15,"minecraft:mangrove_wood":1,"minecraft:honey_block":1,"born_in_chaos_v1:scorched_planks_fence":6,"minecraft:iron_helmet":1,"minecraft:emerald":6,"minecraft:spruce_sign":10,"minecraft:melon_seeds":3,"minecraft:baked_potato":8,"born_in_chaos_v1:rotten_fish":1,"minecraft:mangrove_propagule":2,"minecraft:coal":16},"minecraft:dropped":{"minecraft:spruce_sign":5,"minecraft:enchanted_book":2,"minecraft:iron_ingot":64,"minecraft:wheat_seeds":2,"minecraft:golden_helmet":1,"minecraft:baked_potato":1,"minecraft:mossy_cobblestone":2,"minecraft:golden_axe":2,"minecraft:iron_helmet":1,"minecraft:cobblestone":3,"minecraft:lead":2,"minecraft:leather":2,"minecraft:dark_oak_button":2,"minecraft:coal":35,"minecraft:stick":2,"minecraft:dirt":5,"minecraft:smooth_red_sandstone":1,"farmersdelight:sweet_berry_cookie":4,"beachparty:rubber_ring_pelican":2,"minecraft:potion":1,"minecraft:iron_axe":2,"minecraft:sugar":19,"born_in_chaos_v1:mint_ice_cream":3,"minecraft:dandelion":2,"minecraft:gold_ingot":74,"minecraft:bone":2,"minecraft:gravel":1,"minecraft:cobbled_deepslate":1,"minecraft:stone_shovel":1,"minecraft:iron_boots":1,"minecraft:rotten_flesh":27,"born_in_chaos_v1:smoked_flesh":2,"minecraft:white_candle":2,"minecraft:oak_planks":29,"minecraft:salmon":2,"beachparty:rubber_ring_axolotl":1,"minecraft:poppy":1,"minecraft:leather_chestplate":1,"minecraft:hay_block":2,"minecraft:shield":2,"minecraft:spruce_planks":10,"minecraft:purple_bed":1,"minecraft:leather_leggings":2,"minecraft:barrel":1,"minecraft:stone_pickaxe":1},"minecraft:used":{"rpgsmw:stone_greatsword":128,"minecraft:bone_block":2,"minecraft:spruce_planks":11,"minecraft:chest":3,"minecraft:iron_sword":5,"minecraft:stone":1,"born_in_chaos_v1:fried_maggot":10,"minecraft:cooked_salmon":2,"minecraft:torch":52,"minecraft:dirt":1,"scalinghealth:heart_crystal":2,"minecraft:jungle_planks":8,"minecraft:carrot":34,"farmersdelight:sweet_berry_cookie":32,"born_in_chaos_v1:smoked_flesh":30,"minecraft:iron_axe":309,"rpgsmw:iron_greatsword":207,"minecraft:cooked_beef":6,"born_in_chaos_v1:mint_ice_cream":2,"minecraft:stone_pickaxe":61,"minecraft:mangrove_planks":29,"minecraft:baked_potato":7,"minecraft:oak_planks":10,"minecraft:wooden_pickaxe":49,"minecraft:golden_apple":1,"minecraft:glow_berries":6,"minecraft:mossy_cobblestone":1,"minecraft:crafting_table":4,"minecraft:white_bed":3,"gamma_beasts:blackberry":3,"minecraft:black_bed":2,"minecraft:melon_slice":113,"minecraft:bread":18,"born_in_chaos_v1:smoked_monster_flesh":1,"minecraft:fishing_rod":12,"minecraft:wooden_sword":57,"minecraft:cobblestone":32,"born_in_chaos_v1:rotten_fish":1,"minecraft:purple_bed":14,"minecraft:cooked_porkchop":2,"minecraft:andesite":2,"minecraft:black_candle":1,"minecraft:golden_pickaxe":21,"minecraft:experience_bottle":3},"minecraft:broken":{"rpgsmw:stone_greatsword":1,"minecraft:iron_leggings":1,"minecraft:wooden_pickaxe":1,"beachparty:rubber_ring_pelican":1,"minecraft:leather_boots":1,"minecraft:golden_pickaxe":1,"minecraft:iron_helmet":2},"minecraft:custom":{"minecraft:mob_kills":115,"minecraft:interact_with_crafting_table":21,"minecraft:open_barrel":56,"minecraft:interact_with_campfire":26,"minecraft:damage_dealt_resisted":2364,"minecraft:leave_game":2,"minecraft:time_since_death":16152,"minecraft:climb_one_cm":32765,"minecraft:damage_resisted":208,"minecraft:sprint_one_cm":613349,"minecraft:walk_one_cm":985079,"minecraft:drop":81,"minecraft:play_noteblock":2,"minecraft:damage_dealt_absorbed":24,"minecraft:talked_to_villager":5,"minecraft:play_time":323929,"minecraft:deaths":9,"minecraft:sneak_time":1578,"minecraft:walk_under_water_one_cm":41451,"minecraft:jump":3585,"minecraft:interact_with_brewingstand":3,"minecraft:interact_with_blast_furnace":5,"minecraft:walk_on_water_one_cm":46344,"minecraft:total_world_time":323929,"minecraft:interact_with_furnace":1,"minecraft:tune_noteblock":10,"minecraft:sleep_in_bed":14,"minecraft:damage_absorbed":40,"minecraft:time_since_rest":10470,"minecraft:damage_taken":13349,"minecraft:damage_dealt":24693,"minecraft:player_kills":1,"minecraft:swim_one_cm":230256,"minecraft:fly_one_cm":741365,"minecraft:open_chest":154,"minecraft:crouch_one_cm":5129,"minecraft:fish_caught":3,"minecraft:fall_one_cm":122270},"minecraft:mined":{"minecraft:white_bed":2,"minecraft:attached_melon_stem":1,"minecraft:mossy_cobblestone":7,"minecraft:dark_oak_log":4,"minecraft:jungle_leaves":38,"meds_and_herbs:plantago":1,"minecraft:mangrove_roots":1,"minecraft:purple_candle":2,"minecraft:grass_block":7,"minecraft:spruce_fence":1,"minecraft:jungle_log":1,"minecraft:moss_block":3,"minecraft:spawner":13,"minecraft:large_fern":3,"minecraft:hay_block":32,"minecraft:dark_oak_trapdoor":3,"minecraft:iron_ore":2,"minecraft:barrel":1,"minecraft:andesite":6,"minecraft:stripped_spruce_log":5,"treechop:chopped_log":33,"minecraft:dark_oak_stairs":2,"minecraft:smooth_red_sandstone":1,"minecraft:deepslate_iron_ore":3,"minecraft:vine":6,"minecraft:oak_stairs":1,"minecraft:black_candle":4,"minecraft:azalea_leaves":1,"minecraft:stone":27,"minecraft:bone_block":3,"minecraft:spruce_slab":1,"gamma_beasts:abeto_hoja":1,"minecraft:brown_mushroom":3,"minecraft:soul_sand":6,"minecraft:melon_stem":2,"born_in_chaos_v1:scorched_planks_fence":3,"minecraft:crafting_table":2,"minecraft:torch":5,"minecraft:honey_block":1,"minecraft:melon":27,"minecraft:polished_andesite_stairs":1,"minecraft:chest":3,"minecraft:white_stained_glass_pane":1,"minecraft:campfire":1,"minecraft:tall_grass":1,"minecraft:cobblestone":26,"minecraft:white_candle":1,"minecraft:deepslate_coal_ore":1,"minecraft:dried_kelp_block":2,"minecraft:cracked_deepslate_bricks":1,"minecraft:oak_planks":2,"minecraft:white_terracotta":2,"minecraft:wall_torch":7,"minecraft:spruce_stairs":1,"minecraft:chain":1,"minecraft:purple_bed":14,"minecraft:red_candle":1,"minecraft:coarse_dirt":2,"minecraft:dark_oak_slab":5,"minecraft:ice":20,"minecraft:sweet_berry_bush":1,"minecraft:spruce_log":2,"minecraft:mangrove_planks":1,"minecraft:black_bed":3,"minecraft:mangrove_leaves":1,"minecraft:smooth_stone_slab":6,"minecraft:grass":17,"minecraft:oak_log":2,"minecraft:coal_ore":6,"minecraft:dark_oak_button":1,"minecraft:gravel":1,"minecraft:cobweb":3,"minecraft:mangrove_log":3,"minecraft:tripwire_hook":1,"minecraft:polished_andesite":1,"minecraft:small_dripleaf":1,"minecraft:deepslate":1,"create:crimsite":7,"minecraft:oak_leaves":9,"minecraft:fern":13},"minecraft:killed":{"minecraft:cave_spider":1,"minecraft:spider":2,"born_in_chaos_v1:skeleton_thrasher_not_despawn":1,"born_in_chaos_v1:baby_skeleton_minion":2,"born_in_chaos_v1:maggot":14,"minecraft:skeleton":1,"born_in_chaos_v1:corpse_fish":1,"minecraft:piglin_brute":1,"minecraft:pig":4,"born_in_chaos_v1:bone_imp_minion":5,"minecraft:salmon":2,"minecraft:sheep":3,"born_in_chaos_v1:decrepit_skeleton":4,"minecraft:zombie":55,"born_in_chaos_v1:corpse_fly":2,"minecraft:stray":1,"born_in_chaos_v1:nightmare_stalker":1,"alexsmobs:komodo_dragon":1,"minecraft:cow":5},"minecraft:crafted":{"minecraft:oak_planks":24,"minecraft:wheat":27,"minecraft:crafting_table":1,"minecraft:spruce_planks":24,"minecraft:mangrove_planks":28,"minecraft:air":0,"minecraft:gold_nugget":63,"minecraft:stick":16,"minecraft:iron_ingot":16,"minecraft:torch":8}},"DataVersion":3465}