{"stats":{"minecraft:picked_up":{"born_in_chaos_v1:corpse_maggot":5,"minecraft:coarse_dirt":1,"minecraft:crafting_table":1,"born_in_chaos_v1:smoked_monster_flesh":1,"born_in_chaos_v1:seedof_chaos":1,"minecraft:salmon":4,"minecraft:andesite":3,"minecraft:black_bed":2,"minecraft:leather":1,"minecraft:brown_mushroom":3,"minecraft:potion":1,"minecraft:shield":2,"skilltree:gem":2,"scalinghealth:heart_crystal":2,"minecraft:cornflower":1,"minecraft:string":2,"minecraft:dirt":1,"minecraft:iron_axe":1,"minecraft:cooked_salmon":2,"minecraft:smooth_stone_slab":6,"born_in_chaos_v1:monster_skin":3,"minecraft:bone":2,"farmersdelight:sweet_berry_cookie":36,"minecraft:spruce_planks":17,"minecraft:iron_ingot":1,"scalinghealth:power_crystal_shard":3,"minecraft:chest":1,"minecraft:soul_sand":6,"minecraft:raw_iron":2,"scalinghealth:heart_crystal_shard":9,"minecraft:polished_andesite_stairs":1,"minecraft:stick":2,"born_in_chaos_v1:shattered_skull":1,"minecraft:black_candle":7,"minecraft:cooked_porkchop":2,"minecraft:sweet_berries":50,"minecraft:torch":12,"born_in_chaos_v1:ethereal_spirit":2,"minecraft:poisonous_potato":4,"born_in_chaos_v1:nightmare_claw":1,"minecraft:spruce_sapling":4,"minecraft:carrot":1,"minecraft:spruce_log":7,"gamma_beasts:blackberry":3,"minecraft:mossy_cobblestone":3,"minecraft:white_candle":2,"minecraft:purple_candle":5,"minecraft:polished_andesite":1,"create:crimsite":7,"born_in_chaos_v1:fried_maggot":10,"minecraft:rotten_flesh":118,"minecraft:cooked_cod":1,"minecraft:hay_block":5,"born_in_chaos_v1:scorched_planks_fence":6,"gamma_beasts:coal_nugget":3,"minecraft:baked_potato":2,"born_in_chaos_v1:rotten_fish":1,"minecraft:cod":1,"minecraft:coal":15,"minecraft:cobblestone":46},"minecraft:killed":{"minecraft:salmon":2,"born_in_chaos_v1:maggot":13,"born_in_chaos_v1:decrepit_skeleton":2,"minecraft:zombie":54,"born_in_chaos_v1:nightmare_stalker":1,"born_in_chaos_v1:corpse_fish":1},"minecraft:mined":{"gamma_beasts:abeto_hoja":1,"minecraft:brown_mushroom":3,"minecraft:mossy_cobblestone":5,"minecraft:soul_sand":6,"born_in_chaos_v1:scorched_planks_fence":3,"minecraft:purple_candle":2,"minecraft:crafting_table":1,"minecraft:torch":5,"minecraft:grass_block":1,"minecraft:polished_andesite_stairs":1,"minecraft:chest":1,"minecraft:cobblestone":22,"minecraft:white_candle":1,"minecraft:wall_torch":7,"minecraft:spawner":9,"minecraft:hay_block":5,"minecraft:coarse_dirt":2,"minecraft:red_candle":1,"minecraft:iron_ore":2,"minecraft:ice":20,"minecraft:spruce_log":2,"minecraft:andesite":3,"treechop:chopped_log":5,"minecraft:black_bed":2,"minecraft:smooth_stone_slab":6,"minecraft:coal_ore":6,"minecraft:black_candle":4,"minecraft:polished_andesite":1,"minecraft:stone":26,"create:crimsite":7},"minecraft:used":{"rpgsmw:stone_greatsword":128,"minecraft:stone_pickaxe":33,"minecraft:spruce_planks":4,"minecraft:chest":2,"minecraft:wooden_pickaxe":49,"minecraft:stone":1,"minecraft:cooked_salmon":1,"born_in_chaos_v1:fried_maggot":4,"minecraft:glow_berries":6,"minecraft:torch":41,"minecraft:mossy_cobblestone":1,"minecraft:dirt":1,"scalinghealth:heart_crystal":2,"minecraft:crafting_table":2,"minecraft:carrot":34,"gamma_beasts:blackberry":3,"minecraft:black_bed":2,"farmersdelight:sweet_berry_cookie":32,"minecraft:iron_axe":105,"minecraft:bread":17,"rpgsmw:iron_greatsword":37,"minecraft:fishing_rod":12,"minecraft:wooden_sword":57,"minecraft:cobblestone":27,"minecraft:cooked_porkchop":2,"minecraft:andesite":2,"minecraft:black_candle":1,"minecraft:experience_bottle":3},"minecraft:broken":{"rpgsmw:stone_greatsword":1,"minecraft:leather_boots":1,"minecraft:wooden_pickaxe":1},"minecraft:custom":{"minecraft:interact_with_furnace":1,"minecraft:mob_kills":76,"minecraft:tune_noteblock":10,"minecraft:interact_with_crafting_table":15,"minecraft:open_barrel":14,"minecraft:interact_with_campfire":7,"minecraft:damage_dealt_resisted":915,"minecraft:leave_game":1,"minecraft:time_since_death":6547,"minecraft:sleep_in_bed":1,"minecraft:climb_one_cm":5046,"minecraft:damage_resisted":11,"minecraft:time_since_rest":6574,"minecraft:sprint_one_cm":146912,"minecraft:damage_taken":5457,"minecraft:walk_one_cm":448959,"minecraft:drop":17,"minecraft:damage_dealt":13821,"minecraft:play_noteblock":2,"minecraft:damage_dealt_absorbed":24,"minecraft:swim_one_cm":8835,"minecraft:fly_one_cm":84476,"minecraft:open_chest":53,"minecraft:deaths":4,"minecraft:crouch_one_cm":2406,"minecraft:play_time":120148,"minecraft:sneak_time":592,"minecraft:walk_under_water_one_cm":13735,"minecraft:jump":481,"minecraft:interact_with_brewingstand":3,"minecraft:walk_on_water_one_cm":4107,"minecraft:total_world_time":120148,"minecraft:fish_caught":3,"minecraft:fall_one_cm":7884},"minecraft:dropped":{"minecraft:stone_shovel":1,"minecraft:cobblestone":2,"minecraft:salmon":2,"minecraft:coal":10,"minecraft:stick":2,"minecraft:poppy":1,"minecraft:hay_block":2,"minecraft:shield":2,"farmersdelight:sweet_berry_cookie":4,"minecraft:potion":1,"born_in_chaos_v1:mint_ice_cream":3},"minecraft:crafted":{"minecraft:crafting_table":1,"minecraft:spruce_planks":24,"minecraft:stick":8,"minecraft:torch":8,"minecraft:wheat":27}},"DataVersion":3465}