{"stats":{"minecraft:dropped":{"minecraft:iron_sword":3,"minecraft:stripped_mangrove_wood":1,"crittersandcompanions:clam":2,"minecraft:cooked_beef":7,"minecraft:glow_ink_sac":3,"minecraft:cooked_porkchop":2,"rpgsmw:steel_paladin_armour_chestplate":3,"born_in_chaos_v1:nightmare_claw":4,"minecraft:cut_sandstone_slab":2,"minecraft:red_mushroom":403,"minecraft:item_frame":1,"minecraft:emerald":6,"sophisticatedbackpacks:gold_backpack":1,"minecraft:packed_mud":4,"minecraft:dirt":3255,"minecraft:grass":2,"faded_conquest_2:key_of_conquest":1,"alexsmobs:flying_fish":1,"minecraft:sunflower":12,"minecraft:sand":67,"scalinghealth:chance_heart":1,"born_in_chaos_v1:death_totem":1,"minecraft:white_wool":5,"minecraft:fishing_rod":1,"minecraft:cyan_carpet":3,"minecraft:bone":7,"minecraft:sugar_cane":1,"vinery:taiga_grape_seeds_red":4,"minecraft:cobbled_deepslate":71,"minecraft:pink_dye":2,"minecraft:rotten_flesh":141,"born_in_chaos_v1:smoked_flesh":9,"minecraft:oak_planks":102,"create:asurine":1,"minecraft:mangrove_fence":1,"beachparty:rubber_ring_axolotl":1,"supplementaries:flax_seeds":4,"minecraft:deepslate_tiles":246,"minecraft:leather_leggings":1,"minecraft:red_nether_bricks":1,"minecraft:glass":8,"toms_storage:ts.tag_item_filter":1,"born_in_chaos_v1:marigolds":1,"minecraft:cherry_fence":1,"minecraft:enchanted_book":1,"minecraft:iron_ingot":48,"vinery:flower_box":3,"born_in_chaos_v1:shattered_skull":1,"minecraft:wheat_seeds":501,"born_in_chaos_v1:scorched_planks_fence":3,"minecraft:mangrove_trapdoor":1,"minecraft:dripstone_block":1,"minecraft:cobblestone":389,"minecraft:apple":2,"rpgsmw:steel_paladin_armour_leggings":3,"minecraft:deepslate_tile_slab":150,"minecraft:coal":55,"rpgsmw:steel_paladin_armour_helmet":3,"vinery:apple_log":132,"skilltree:gem":3,"minecraft:cherry_planks":65,"minecraft:cooked_salmon":1,"minecraft:potion":3,"minecraft:white_banner":1,"minecraft:string":4,"minecraft:spruce_sapling":10,"vinery:cherry":21,"minecraft:player_head":1,"minecraft:stone_sword":2,"minecraft:smooth_stone_slab":39,"born_in_chaos_v1:rotten_fish":12,"minecraft:clay_ball":16,"minecraft:iron_boots":1,"skilltree:iron_ring":1,"minecraft:cherry_slab":38,"minecraft:light_gray_concrete":2,"gamma_beasts:blackberry":3,"minecraft:oak_sign":6,"crittersandcompanions:silk":14,"minecraft:flower_pot":1,"rpgsmw:iron_one_handed_crossbow":1,"minecraft:spruce_planks":40,"minecraft:diamond_pickaxe":1,"vinery:apple_tree_sapling":249,"meds_and_herbs:bark_cherry":4,"born_in_chaos_v1:bloody_gadfly_eye":3,"rpgsmw:copper_spear":1,"tetra:modular_bow":1,"minecraft:stone_bricks":1,"minecraft:barrel":3,"minecraft:spider_eye":11,"rpgsmw:steel_greatsword":2,"minecraft:bow":2,"skilltree:golden_ring":1,"scalinghealth:bandages":2,"minecraft:spruce_sign":1,"minecraft:brown_mushroom":56,"minecraft:warped_fungus":3,"minecraft:oak_log":4,"minecraft:baked_potato":10,"fantasyfurniture:decorations/venthyr_candles":4,"rpgsmw:steel_paladin_armour_boots":3,"minecraft:decorated_pot":2,"minecraft:deepslate_tile_wall":28,"rpgsmw:woodenfiber":2,"minecraft:mangrove_planks":1,"gamma_beasts:accumulator_bag_cristal_pearl":1,"minecraft:birch_slab":1,"minecraft:deepslate_tile_stairs":36,"minecraft:dark_oak_log":8,"gamma_beasts:thin_jungle_log":3,"minecraft:cornflower":2,"minecraft:snowball":3,"farmersdelight:sweet_berry_cookie":72,"minecraft:gold_ingot":58,"minecraft:gravel":13,"minecraft:crimson_fungus":1,"minecraft:mangrove_roots":2,"minecraft:blackstone":1,"beachparty:seashell":1,"minecraft:cherry_sapling":522,"skilltree:assassin_necklace":1,"fantasyfurniture:decorations/fairy_lights_1":1,"minecraft:fern":3,"faded_conquest_2:summon_blocknight":3,"minecraft:cooked_mutton":12,"minecraft:mangrove_sign":1,"minecraft:carrot":2,"ironchest:dirt_chest":1,"supplementaries:antique_ink":3,"minecraft:poppy":1,"minecraft:rabbit_hide":3,"minecraft:leather_chestplate":1,"supplementaries:ash":16,"tetra:modular_sword":3,"minecraft:gunpowder":39,"brewery:pretzel":27,"born_in_chaos_v1:corpse_maggot":57,"faded_conquest_2:keyof_pestilence":1,"minecraft:arrow":8,"minecraft:written_book":1,"minecraft:bread":9,"gamma_beasts:coal_nugget":25,"gamma_beasts:oak_leaf":11,"scalinghealth:cursed_heart":2,"minecraft:cherry_log":320,"minecraft:mossy_cobblestone":4,"create:copper_ladder":2,"vinery:dark_cherry_planks":40,"minecraft:poisonous_potato":6,"gamma_beasts:thin_birch_log":6,"minecraft:spruce_stairs":1,"minecraft:stick":352,"minecraft:torch":15,"minecraft:smooth_quartz":5,"born_in_chaos_v1:fused_bone":4,"minecraft:zombie_head":1,"minecraft:iron_axe":1,"minecraft:bucket":1,"minecraft:smooth_basalt":9,"minecraft:sweet_berries":51,"alexsmobs:maggot":8,"minecraft:chiseled_quartz_block":2,"minecraft:coarse_dirt":2,"minecraft:tuff":3,"born_in_chaos_v1:smoked_monster_flesh":1,"minecraft:smoker":1,"rpgsmw:crossbow_bolt_model":1,"gamma_beasts:green_apple":31,"minecraft:flint_and_steel":1,"minecraft:gray_terracotta":6,"minecraft:andesite":1,"minecraft:purple_bed":3,"brewery:hops_seeds":10,"minecraft:stone_pickaxe":3,"minecraft:calcite":2},"minecraft:mined":{"minecraft:dark_oak_planks":1,"vinery:dark_cherry_slab":43,"born_in_chaos_v1:cultivated_pumpkin":4,"fantasyfurniture:venthyr/floor_light":5,"minecraft:cherry_log":209,"minecraft:potted_crimson_fungus":1,"faded_conquest_2:toxic_lantern":1,"minecraft:granite":259,"vinery:taiga_grape_bush_red":3,"fantasyfurniture:bone/wither/chandelier":3,"minecraft:coal_block":10,"minecraft:oxeye_daisy":9,"supplementaries:sconce_wall":7,"minecraft:spawner":14,"minecraft:tall_seagrass":1,"minecraft:magma_block":1,"minecraft:cobbled_deepslate":3,"minecraft:fire":11,"minecraft:deepslate_lapis_ore":16,"minecraft:enchanting_table":1,"minecraft:cave_vines":6,"minecraft:oak_sign":5,"minecraft:dirt_path":2,"minecraft:light_gray_concrete":2,"minecraft:iron_block":2,"farmersdelight:rich_soil_farmland":5,"beachparty:palm_torch":1,"minecraft:tripwire":3,"minecraft:brown_mushroom":3,"brewery:wild_hops":4,"beachparty:palm_wall_torch":5,"minecraft:smoker":1,"minecraft:crimson_nylium":1,"scalinghealth:deepslate_heart_crystal_ore":9,"minecraft:torch":41,"minecraft:dark_oak_wood":3,"vinery:red_grape_bush":1,"minecraft:melon":4,"create:framed_glass":25,"minecraft:dead_bush":1,"gamma_beasts:thin_spruce_log":1,"farmersdelight:cabbages":19,"minecraft:glass":6,"minecraft:sugar_cane":80,"minecraft:chain":1,"fantasyfurniture:decorations/bronze_chain":1,"minecraft:wheat":108,"minecraft:black_bed":28,"born_in_chaos_v1:black_argillite_brick":1,"minecraft:potted_poppy":1,"minecraft:grass":2920,"minecraft:smooth_quartz":5,"minecraft:mangrove_log":3,"minecraft:smooth_basalt":5,"minecraft:deepslate":168,"minecraft:deepslate_tiles":44,"minecraft:suspicious_gravel":1,"create:zinc_ore":30,"fantasyfurniture:venthyr/chandelier":1,"born_in_chaos_v1:dark_stained_glass":39,"minecraft:mossy_cobblestone":4,"tetra:block_geode":1,"vinery:dark_cherry_planks":366,"born_in_chaos_v1:black_argillite":60,"minecraft:crimson_roots":1,"vinery:dark_cherry_sapling":6,"minecraft:redstone_wire":1,"meds_and_herbs:wild_belladonna":2,"beachparty:coconut_hanging":1,"minecraft:black_stained_glass_pane":1,"gamma_beasts:thin_birch_log":6,"minecraft:packed_mud":2,"minecraft:snow":3,"minecraft:andesite":1,"minecraft:potatoes":118,"ironchest:iron_chest":1,"minecraft:white_wool":1,"jeg:scrap_ore":135,"minecraft:soul_sand":18,"minecraft:dandelion":13,"gamma_beasts:abedul_hoja_1":9,"minecraft:cornflower":22,"minecraft:emerald_ore":1,"candlelight:wild_tomatoes":3,"minecraft:tall_grass":202,"minecraft:copper_ore":53,"minecraft:deepslate_gold_ore":18,"farmersdelight:wild_tomatoes":10,"supplementaries:sconce":2,"jeg:deepslate_scrap_ore":46,"minecraft:black_stained_glass":9,"minecraft:purple_bed":2,"minecraft:spruce_log":2,"minecraft:birch_leaves":6,"tetra:scroll_open":4,"minecraft:mangrove_leaves":2,"faded_conquest_2:terrible_tensummon":1,"minecraft:sunflower":12,"minecraft:gravel":37,"minecraft:dripstone_block":2,"minecraft:cobweb":72,"minecraft:stone_bricks":2,"minecraft:gold_ore":20,"minecraft:infested_stone":1,"minecraft:fern":17,"fantasyfurniture:necrolord/chandelier":1,"create:deepslate_zinc_ore":34,"minecraft:spruce_planks":10,"gamma_beasts:roble_hoja_1":1,"farmersdelight:rich_soil":281,"minecraft:farmland":1,"vinery:dark_cherry_leaves":40,"minecraft:cobblestone_stairs":1,"minecraft:grass_block":2561,"create:tiled_glass":31,"vinery:apple_log":190,"beachparty:seashell_block":9,"supplementaries:ash":285,"minecraft:iron_ore":175,"born_in_chaos_v1:black_argillite_brick_stairs":6,"minecraft:potted_red_mushroom":2,"minecraft:azure_bluet":12,"create:asurine":1,"fantasyfurniture:decorations/royal_candelabra":12,"minecraft:pointed_dripstone":3,"minecraft:spruce_slab":4,"meds_and_herbs:wild_vinca":2,"minecraft:deepslate_redstone_ore":16,"minecraft:gray_terracotta":8,"gamma_beasts:pear_bush_3":1,"farmersdelight:organic_compost":20,"minecraft:blackstone":1,"amendments:tool_hook":1,"fantasyfurniture:bone/skeleton/wall_light":3,"minecraft:chiseled_quartz_block":2,"minecraft:clay":50,"minecraft:calcite":4,"minecraft:poppy":14,"minecraft:chest":5,"born_in_chaos_v1:black_argillite_column_slab":1,"farmersdelight:brown_mushroom_colony":51,"supplementaries:wild_flax":1,"minecraft:cobblestone":61,"minecraft:wall_torch":39,"ironchest:dirt_chest":1,"fantasyfurniture:decorations/necrolord_candelabra":2,"minecraft:red_candle":2,"minecraft:birch_log":2,"farmersdelight:cutting_board":3,"born_in_chaos_v1:fired_black_argillite":3,"born_in_chaos_v1:river_mint":5,"minecraft:smooth_stone_slab":60,"minecraft:sand":148,"minecraft:dirt":2633,"fantasyfurniture:decorations/fairy_lights_1":2,"vinery:apple_leaves":714,"create:crimsite":2,"minecraft:oak_leaves":1,"minecraft:crying_obsidian":1,"minecraft:deepslate_diamond_ore":3,"minecraft:mangrove_roots":1,"minecraft:stripped_cherry_log":1,"meds_and_herbs:plantago":27,"gamma_beasts:roblo_hoja":1,"born_in_chaos_v1:infected_diamond_ore":12,"minecraft:decorated_pot":13,"minecraft:white_stained_glass":4,"create:ochrum":7,"minecraft:birch_slab":1,"minecraft:spruce_leaves":14,"farmersdelight:red_mushroom_colony":94,"minecraft:large_fern":20,"minecraft:furnace":2,"minecraft:raw_gold_block":2,"gamma_beasts:prehnite_ore":35,"minecraft:chiseled_deepslate":4,"treechop:chopped_log":1036,"minecraft:peony":1,"minecraft:gold_block":1,"gamma_beasts:acacia_hoja":5,"minecraft:deepslate_iron_ore":50,"fantasyfurniture:royal/floor_light":1,"minecraft:lantern":1,"crittersandcompanions:silk_cocoon":3,"vinery:dark_cherry_stairs":1,"minecraft:stripped_oak_log":1,"supplementaries:candle_holder_red":14,"minecraft:white_tulip":12,"minecraft:stone":363,"minecraft:redstone_wall_torch":2,"gamma_beasts:abeto_hoja":9,"born_in_chaos_v1:marigolds":21,"gamma_beasts:pear_bush_2":1,"vinery:dark_cherry_log":63,"minecraft:crafting_table":3,"gamma_beasts:acacia_hoja_1":18,"gamma_beasts:abeto_hoja_1":17,"bakery:wild_strawberries":2,"brewery:corn_crop":7,"minecraft:rose_bush":2,"minecraft:deepslate_coal_ore":27,"minecraft:lapis_ore":9,"supplementaries:urn":22,"gamma_beasts:deepslate_prehnite_ore":1,"gamma_beasts:abedul_hojas":4,"rpgsmw:mineral_ore":2,"minecraft:redstone_torch":3,"minecraft:sweet_berry_bush":48,"minecraft:ice":57,"minecraft:mangrove_planks":1,"gamma_beasts:thin_oak_log":6,"minecraft:coal_ore":521,"minecraft:cocoa":2,"minecraft:cherry_leaves":148,"vinery:jungle_grape_bush_white":1,"minecraft:cyan_carpet":1,"vinery:flower_box":21,"meds_and_herbs:aloe_plant":3,"beachparty:palm_tall_torch":5},"minecraft:killed_by":{"minecraft:slime":1,"minecraft:player":4},"minecraft:custom":{"minecraft:interact_with_crafting_table":276,"minecraft:open_barrel":116,"minecraft:eat_cake_slice":22,"minecraft:leave_game":36,"minecraft:time_since_death":25146,"minecraft:play_time":2487063,"minecraft:deaths":31,"minecraft:jump":16699,"minecraft:interact_with_furnace":241,"minecraft:traded_with_villager":8,"minecraft:sleep_in_bed":153,"minecraft:damage_dealt":182647,"minecraft:interact_with_smoker":11,"minecraft:inspect_dispenser":1,"minecraft:interact_with_smithing_table":1,"minecraft:damage_dealt_absorbed":204,"minecraft:sneak_time":116185,"minecraft:interact_with_blast_furnace":208,"minecraft:total_world_time":2487063,"minecraft:interact_with_stonecutter":33,"minecraft:time_since_rest":25212,"minecraft:swim_one_cm":491408,"minecraft:fly_one_cm":7398242,"minecraft:open_chest":1662,"minecraft:fall_one_cm":256584,"minecraft:animals_bred":1,"minecraft:damage_resisted":6687,"minecraft:sprint_one_cm":8822176,"minecraft:drop":761,"minecraft:talked_to_villager":31,"minecraft:walk_on_water_one_cm":411565,"minecraft:crouch_one_cm":418453,"minecraft:mob_kills":568,"minecraft:interact_with_campfire":260,"minecraft:damage_dealt_resisted":11953,"minecraft:climb_one_cm":65493,"minecraft:walk_one_cm":6233576,"minecraft:walk_under_water_one_cm":269617,"minecraft:damage_taken":73686},"minecraft:broken":{"minecraft:golden_boots":2,"minecraft:wooden_shovel":2,"minecraft:iron_boots":3,"minecraft:chainmail_boots":1,"minecraft:golden_sword":2,"minecraft:wooden_sword":1,"minecraft:iron_sword":4,"minecraft:leather_helmet":2,"rpgsmw:steel_assassin_armour_leggings":3,"minecraft:stone_sword":1,"minecraft:chainmail_helmet":1,"rpgsmw:steel_sickle":2,"minecraft:wooden_pickaxe":1,"minecraft:iron_axe":5,"minecraft:iron_pickaxe":6,"minecraft:iron_helmet":2,"gamma_beasts:prehnite_axe":8,"minecraft:golden_helmet":2,"minecraft:iron_shovel":3,"rpgsmw:stone_knife":1,"minecraft:leather_leggings":1,"rpgsmw:steel_assassin_armour_chestplate":3,"minecraft:golden_leggings":2,"minecraft:stone_pickaxe":4,"gamma_beasts:prehnite_sword":1,"minecraft:stone_axe":2,"minecraft:stone_shovel":24,"rpgsmw:copper_sickle":2,"gamma_beasts:prehnite_shovel":5,"minecraft:flint_and_steel":5,"gamma_beasts:prehnite_pickaxe":1,"minecraft:leather_chestplate":7,"rpgsmw:steel_assassin_armour_helmet":3,"minecraft:golden_axe":2,"minecraft:diamond_axe":1,"rpgsmw:steel_assassin_armour_boots":2,"minecraft:leather_boots":8,"minecraft:golden_pickaxe":1,"rpgsmw:iron_sickle":1},"minecraft:killed":{"minecraft:cave_spider":8,"born_in_chaos_v1:restless_spirit":3,"born_in_chaos_v1:zombie_lumberjack":3,"minecraft:dolphin":1,"born_in_chaos_v1:siamese_skeletonsright":1,"born_in_chaos_v1:baby_skeleton_minion":6,"minecraft:skeleton":50,"minecraft:chicken":8,"born_in_chaos_v1:supreme_bonescaller_stage_2":1,"minecraft:skeleton_horse":1,"jeg:ghoul":5,"minecraft:magma_cube":7,"minecraft:salmon":7,"minecraft:pillager":8,"minecraft:zombie":107,"born_in_chaos_v1:corpse_fly":1,"born_in_chaos_v1:door_knight":1,"minecraft:cow":23,"faded_conquest_2:blocknight_paladin":3,"minecraft:horse":1,"born_in_chaos_v1:barrel_zombie":3,"born_in_chaos_v1:spiritof_chaos":2,"minecraft:husk":9,"born_in_chaos_v1:bone_imp_minion":9,"minecraft:rabbit":1,"born_in_chaos_v1:decrepit_skeleton":7,"alexsmobs:catfish":1,"born_in_chaos_v1:bloody_gadfly":2,"alexsmobs:crocodile":1,"born_in_chaos_v1:dark_vortex":1,"minecraft:enderman":1,"born_in_chaos_v1:zombie_clown":1,"minecraft:witch":1,"minecraft:spider":21,"faded_conquest_2:toxicrow":3,"born_in_chaos_v1:scarlet_persecutor":4,"minecraft:silverfish":3,"minecraft:piglin_brute":12,"minecraft:piglin":4,"born_in_chaos_v1:bonescaller":1,"minecraft:pig":5,"born_in_chaos_v1:diamond_termite":23,"minecraft:zombie_villager":4,"born_in_chaos_v1:glutton_fish":1,"minecraft:creeper":13,"minecraft:sheep":10,"born_in_chaos_v1:dread_hound":7,"alexsmobs:terrapin":9,"minecraft:stray":3,"alexsmobs:fly":2,"born_in_chaos_v1:siamese_skeletonsleft":1,"minecraft:vex":4,"born_in_chaos_v1:zombie_bruiser":2,"born_in_chaos_v1:maggot":52,"alexsmobs:bison":1,"minecraft:drowned":10,"born_in_chaos_v1:corpse_fish":9,"born_in_chaos_v1:fallen_chaos_knight":1,"faded_conquest_2:the_plauge_bringer":1,"born_in_chaos_v1:baby_skeleton":4,"minecraft:bat":2,"minecraft:squid":2,"gamma_beasts:diamond_golem_a":1,"born_in_chaos_v1:decaying_zombie":1,"gamma_beasts:careyatros_c":1,"born_in_chaos_v1:bonescaller_not_despawn":2,"born_in_chaos_v1:nightmare_stalker":4},"minecraft:crafted":{"minecraft:black_dye":7,"rpgsmw:blue_fabric":28,"minecraft:smooth_stone":3,"supplementaries:candle_holder_red":5,"minecraft:lever":2,"minecraft:glass":1113,"born_in_chaos_v1:fired_black_argillite":55,"minecraft:gray_stained_glass":24,"scalinghealth:power_crystal":5,"born_in_chaos_v1:dark_stained_glass":180,"minecraft:emerald":15,"vinery:dark_cherry_planks":520,"skilltree:gem":8,"minecraft:copper_ingot":280,"farmersdelight:organic_compost":255,"minecraft:iron_pickaxe":2,"sereneseasons:calendar":1,"minecraft:gold_ingot":76,"vinery:flower_box":16,"minecraft:stone_shovel":23,"minecraft:smooth_stone_slab":6,"minecraft:iron_nugget":819,"candlelight:rose":6,"jeg:gunmetal_grit":259,"minecraft:bone_meal":945,"minecraft:pink_dye":2,"born_in_chaos_v1:smoked_monster_flesh":0,"minecraft:lantern":74,"minecraft:diamond":4,"supplementaries:sconce":52,"minecraft:dark_oak_planks":16,"minecraft:wheat":18,"gamma_beasts:prehnite_axe":4,"rpgsmw:steel":136,"fantasyfurniture:venthyr/floor_light":3,"sophisticatedbackpacks:gold_backpack":1,"minecraft:bone":36,"fantasyfurniture:bone/skeleton/wall_light":9,"minecraft:white_stained_glass":112,"create:tiled_glass":1,"minecraft:oak_planks":266,"minecraft:cooked_chicken":3,"minecraft:stone":2,"rpgsmw:steelnugget":18,"jeg:gunmetal_ingot":28,"meds_and_herbs:seeds_belladonna":1,"rpgsmw:default_crossbow_bolt":56,"minecraft:chest":6,"gamma_beasts:pear_bush":1,"rpgsmw:woodenfiber":10,"rpgsmw:steel_assassin_armour_leggings":2,"born_in_chaos_v1:smoked_fish":40,"minecraft:spruce_planks":70,"minecraft:baked_potato":0,"minecraft:birch_planks":8,"vinery:red_grape":1,"farmersdelight:cutting_board":1,"minecraft:paper":9,"minecraft:stick":84,"minecraft:iron_ingot":482,"vinery:red_grape_seeds":1,"minecraft:cherry_planks":4,"minecraft:raw_iron":18,"minecraft:redstone":63,"minecraft:coal":108,"minecraft:leather_boots":3,"brewery:pretzel":54,"minecraft:blast_furnace":1,"minecraft:furnace":1,"minecraft:gray_dye":12,"ironchest:dirt_chest":1,"gamma_beasts:prehnite_shovel":3,"minecraft:flint_and_steel":4,"create:copper_ladder":8,"minecraft:leather":32,"vinery:dark_cherry_stairs":16,"minecraft:iron_axe":1,"minecraft:iron_hoe":1,"candlelight:tomato_seeds":9,"sophisticatedbackpacks:iron_backpack":1,"minecraft:cooked_beef":35,"minecraft:cooked_cod":0,"vinery:dark_cherry_slab":222,"skilltree:bone_quiver":3,"minecraft:iron_sword":3,"minecraft:cooked_salmon":0,"scalinghealth:heart_crystal":9,"minecraft:air":0,"farmersdelight:sweet_berry_cookie":72,"minecraft:bread":1,"beachparty:palm_torch_item":12,"minecraft:blue_dye":7,"vinery:taiga_grape_seeds_white":1,"minecraft:white_wool":4,"minecraft:white_dye":18,"minecraft:raw_gold":9,"minecraft:blue_wool":12,"jeg:gunmetal_nugget":222,"minecraft:torch":576,"ironchest:iron_chest":4},"minecraft:used":{"minecraft:beetroot":4,"minecraft:chiseled_deepslate":30,"minecraft:poppy":1,"farmersdelight:cabbage_seeds":35,"minecraft:chest":12,"create:tiled_glass":31,"fantasyfurniture:royal/floor_light":1,"rpgsmw:iron_sickle":348,"gamma_beasts:prehnite_pickaxe":472,"ironchest:iron_chest":7,"vinery:dark_cherry_sapling":43,"born_in_chaos_v1:smoked_flesh":21,"minecraft:grass_block":1,"farmersdelight:rotten_tomato":1,"vinery:dark_cherry_planks":591,"born_in_chaos_v1:fired_black_argillite":3,"minecraft:sweet_berries":69,"minecraft:furnace":3,"minecraft:cooked_cod":13,"minecraft:egg":1,"beachparty:palm_tall_torch":7,"minecraft:potato":243,"ironchest:dirt_chest":1,"create:crimsite":2,"minecraft:wooden_pickaxe":59,"brewery:corn_seeds":12,"minecraft:glow_berries":7,"minecraft:sand":29,"gamma_beasts:prehnite_axe":1910,"minecraft:blast_furnace":1,"tetra:modular_double":1,"gamma_beasts:blackberry":30,"minecraft:deepslate_tiles":6,"jeg:recycler":1,"scalinghealth:enchanted_heart":4,"minecraft:spore_blossom":1,"beachparty:seashell":1,"rpgsmw:steel_knife":822,"minecraft:wooden_sword":58,"minecraft:white_stained_glass":106,"create:framed_glass":850,"beachparty:coconut":1,"minecraft:stone_sword":194,"vinery:dark_cherry_slab":307,"born_in_chaos_v1:fried_maggot":7,"minecraft:cooked_salmon":14,"minecraft:netherrack":1,"rpgsmw:steel_sickle":1206,"minecraft:torch":519,"create:ochrum":7,"fantasyfurniture:bone/wither/chandelier":7,"tetra:scroll_rolled":4,"minecraft:fern":22,"minecraft:iron_axe":439,"fantasyfurniture:venthyr/floor_light":10,"minecraft:tripwire_hook":1,"farmersdelight:tomato_seeds":22,"minecraft:cobbled_deepslate":7,"minecraft:cherry_log":8,"minecraft:pointed_dripstone":3,"minecraft:golden_axe":76,"minecraft:wheat_seeds":165,"alexsmobs:cooked_catfish":8,"born_in_chaos_v1:mint_ice_cream":3,"minecraft:water_bucket":137,"gamma_beasts:prehnite_sword":271,"born_in_chaos_v1:black_argillite_brick_stairs":6,"minecraft:mossy_cobblestone":1,"minecraft:crafting_table":5,"minecraft:campfire":3,"minecraft:cake":6,"minecraft:spruce_log":1,"gamma_beasts:prehnite_shovel":1517,"minecraft:diamond_pickaxe":40,"rpgsmw:copper_sickle":281,"fantasyfurniture:decorations/necrolord_candelabra":2,"minecraft:iron_pickaxe":1283,"jeg:scrap_workbench":1,"create:copper_ladder":6,"fantasyfurniture:furniture_station":1,"minecraft:cobblestone":354,"minecraft:purple_bed":1,"vinery:cherry":46,"minecraft:cooked_porkchop":33,"minecraft:black_candle":1,"vinery:apple_tree_sapling":33,"minecraft:cherry_sapling":10,"minecraft:iron_shovel":758,"minecraft:decorated_pot":6,"minecraft:iron_sword":935,"minecraft:carrot":12,"minecraft:milk_bucket":2,"farmersdelight:sweet_berry_cookie":40,"minecraft:glass":46,"born_in_chaos_v1:corpse_maggot":1,"minecraft:lantern":81,"gamma_beasts:pear":6,"gamma_beasts:pear_bush":2,"minecraft:dark_oak_wood":2,"vinery:dark_cherry_log":102,"minecraft:crimson_roots":1,"minecraft:golden_sword":64,"farmersdelight:cutting_board":5,"minecraft:written_book":2,"jeg:revolver":94,"fantasyfurniture:venthyr/chandelier":1,"minecraft:golden_boots":1,"beachparty:cooked_mussel_meat":45,"minecraft:stone_pickaxe":558,"minecraft:diamond_axe":1561,"minecraft:sugar_cane":42,"fantasyfurniture:necrolord/chandelier":1,"vinery:dark_cherry_stairs":52,"farmersdelight:organic_compost":280,"jeg:gunmetal_workbench":1,"minecraft:mushroom_stew":14,"gamma_beasts:cooked_meat":1,"minecraft:dripstone_block":1,"minecraft:black_bed":29,"minecraft:shears":4,"born_in_chaos_v1:dark_stained_glass":244,"minecraft:redstone_torch":3,"minecraft:string":2,"minecraft:bread":67,"minecraft:melon_slice":22,"vinery:flower_box":41,"fantasyfurniture:decorations/fairy_lights_1":2,"beachparty:palm_torch_item":16,"born_in_chaos_v1:marigolds":41,"born_in_chaos_v1:smoked_monster_flesh":14,"minecraft:gravel":25,"minecraft:chain":1,"minecraft:cooked_rabbit":1,"minecraft:bone_meal":67,"minecraft:golden_pickaxe":32,"minecraft:experience_bottle":2,"minecraft:flint_and_steel":331,"farmersdelight:diamond_knife":2654,"minecraft:stone_shovel":3276,"minecraft:redstone":1,"fantasyfurniture:decorations/royal_candelabra":28,"gamma_beasts:green_apple":32,"minecraft:spruce_planks":18,"farmersdelight:rich_soil":286,"minecraft:wooden_shovel":492,"supplementaries:sconce":65,"minecraft:cooked_chicken":7,"minecraft:dirt":2507,"scalinghealth:heart_crystal":47,"fantasyfurniture:decorations/bronze_chain":5,"fantasyfurniture:bone/skeleton/wall_light":15,"minecraft:iron_hoe":188,"born_in_chaos_v1:black_argillite_column_slab":1,"minecraft:red_candle":4,"scalinghealth:power_crystal":5,"jeg:double_barrel_shotgun":15,"brewery:pretzel":27,"minecraft:cooked_beef":59,"fantasyfurniture:decorations/venthyr_candles":3,"minecraft:cooked_mutton":39,"supplementaries:candle_holder_red":21,"minecraft:red_nether_bricks":1,"minecraft:baked_potato":52,"minecraft:brown_mushroom":99,"rpgsmw:stone_knife":143,"minecraft:red_mushroom":136,"bakery:strawberry":1,"minecraft:smoker":1,"minecraft:flower_pot":1,"minecraft:apple":283,"minecraft:golden_leggings":1,"minecraft:stone_axe":199,"tetra:modular_bow":77,"minecraft:bucket":137,"minecraft:pumpkin_pie":2,"alexsmobs:animal_dictionary":1,"fantasyfurniture:decorations/bone_candles":1},"minecraft:picked_up":{"rpgsmw:iron_sickle":1,"gamma_beasts:thin_oak_log":28,"minecraft:prismarine_shard":6,"minecraft:flower_pot":3,"fantasyfurniture:decorations/bronze_chain":1,"vinery:red_grape_seeds":3,"minecraft:enchanted_book":4,"supplementaries:candle_holder_red":20,"farmersdelight:cutting_board":4,"minecraft:string":131,"minecraft:cooked_salmon":7,"minecraft:red_nether_bricks":1,"jeg:recycler":1,"minecraft:pufferfish":1,"meds_and_herbs:seeds_belladonna":2,"minecraft:beetroot":2,"minecraft:gold_nugget":90,"minecraft:cobbled_deepslate":400,"minecraft:spruce_planks":33,"rpgsmw:rawmiphrilignot":19,"tetra:modular_sword":4,"minecraft:melon_slice":22,"minecraft:coal_block":10,"minecraft:mangrove_log":3,"fantasyfurniture:bone/wither/chandelier":3,"tetra:modular_bow":1,"born_in_chaos_v1:shattered_skull":5,"minecraft:cherry_log":1243,"born_in_chaos_v1:black_argillite_brick_stairs":6,"minecraft:deepslate_tile_stairs":36,"vinery:flower_box":24,"born_in_chaos_v1:fried_maggot":7,"minecraft:stone_sword":2,"minecraft:vex_armor_trim_smithing_template":2,"create:scoria":4,"create:ochrum":7,"gamma_beasts:kiwi":10,"minecraft:iron_block":2,"minecraft:blue_dye":16,"farmersdelight:rope":23,"gamma_beasts:coal_nugget":270,"born_in_chaos_v1:cultivated_pumpkin":4,"supplementaries:ash":1053,"endrem:rogue_eye":1,"vinery:dark_cherry_log":240,"minecraft:snowball":3,"alexsmobs:flying_fish":1,"minecraft:birch_log":11,"gamma_beasts:pear":16,"minecraft:feather":16,"minecraft:cooked_beef":44,"born_in_chaos_v1:spiritual_dust":21,"minecraft:birch_slab":1,"minecraft:smoker":1,"faded_conquest_2:key_of_conquest":1,"minecraft:flint":5,"minecraft:cherry_fence":1,"jeg:scrap":340,"fantasyfurniture:decorations/fairy_lights_1":2,"farmersdelight:tomato":71,"minecraft:lantern":1,"born_in_chaos_v1:nightmare_stalker_skull":1,"faded_conquest_2:keyof_pestilence":1,"born_in_chaos_v1:marigolds":35,"tetra:scroll_rolled":4,"minecraft:gray_terracotta":6,"minecraft:rabbit":1,"meds_and_herbs:belladonna_leaves":4,"rpgsmw:iron_one_handed_crossbow":1,"scalinghealth:enchanted_heart":4,"minecraft:ink_sac":7,"minecraft:dark_oak_log":8,"create:tiled_glass":31,"minecraft:barrel":3,"minecraft:bundle":1,"gamma_beasts:thin_jungle_log":3,"create:crimsite":2,"jeg:repair_kit":1,"minecraft:granite":259,"alexsmobs:maggot":8,"born_in_chaos_v1:rotten_fish":34,"minecraft:cherry_slab":38,"minecraft:diamond_pickaxe":1,"minecraft:crimson_roots":1,"sophisticatedbackpacks:gold_backpack":1,"jeg:makeshift_stock":2,"minecraft:coarse_dirt":2,"minecraft:crafting_table":3,"born_in_chaos_v1:smoked_monster_flesh":15,"minecraft:nether_wart":2,"minecraft:clay_ball":224,"born_in_chaos_v1:seedof_chaos":16,"minecraft:leather_leggings":1,"gamma_beasts:cooked_meat":7,"gamma_beasts:birch_leaf":13,"minecraft:stripped_cherry_log":466,"born_in_chaos_v1:fired_black_argillite":3,"minecraft:cornflower":22,"alexsmobs:cooked_catfish":7,"gamma_beasts:acacia_leaf":19,"minecraft:flint_and_steel":1,"born_in_chaos_v1:intoxicating_decoction":12,"minecraft:beef":66,"meds_and_herbs:aloe_seeds":3,"born_in_chaos_v1:gnawed_bones":6,"vinery:cherry":62,"minecraft:iron_nugget":21,"minecraft:poppy":15,"minecraft:spruce_slab":2,"minecraft:chest":7,"minecraft:birch_sapling":2,"fantasyfurniture:venthyr/floor_light":5,"ironchest:dirt_chest":1,"minecraft:egg":7,"jeg:semi_auto_rifle":1,"minecraft:raw_gold_block":2,"ironchest:iron_chest":1,"farmersdelight:tomato_seeds":11,"minecraft:mangrove_sign":2,"born_in_chaos_v1:pieceofdarkmetal":25,"minecraft:carrot":35,"minecraft:redstone":74,"minecraft:mangrove_trapdoor":1,"jeg:circuit_board":2,"jeg:healing_talisman":8,"minecraft:cooked_cod":8,"minecraft:decorated_pot":8,"minecraft:peony":1,"supplementaries:sconce":9,"minecraft:hay_block":2,"minecraft:gold_ingot":75,"minecraft:glow_berries":11,"minecraft:mutton":19,"fantasyfurniture:decorations/royal_candelabra":12,"minecraft:white_wool":20,"minecraft:oxeye_daisy":9,"minecraft:stripped_oak_log":4,"born_in_chaos_v1:black_argillite_column_slab":1,"born_in_chaos_v1:monster_flesh":19,"minecraft:tripwire_hook":1,"minecraft:fern":25,"beachparty:raw_mussel_meat":8,"minecraft:red_mushroom":763,"vinery:dark_cherry_stairs":1,"minecraft:filled_map":1,"minecraft:packed_mud":4,"minecraft:oak_log":12,"scalinghealth:bandages":43,"minecraft:white_banner":1,"farmersdelight:organic_compost":20,"minecraft:apple":181,"minecraft:stone_bricks":1,"minecraft:kelp":57,"gamma_beasts:meat":3,"minecraft:stone_pickaxe":3,"scalinghealth:power_crystal_shard":74,"candlelight:tomato":3,"endrem:cold_eye":5,"jeg:double_barrel_shotgun":1,"minecraft:mangrove_planks":1,"minecraft:iron_sword":3,"minecraft:polished_andesite_stairs":1,"minecraft:smooth_basalt":35,"meds_and_herbs:seeds_vinca":2,"minecraft:sweet_berries":113,"vinery:taiga_grape_seeds_red":8,"born_in_chaos_v1:orbofthe_summoner":4,"born_in_chaos_v1:ethereal_spirit":17,"minecraft:gravel":51,"minecraft:spruce_sapling":3,"minecraft:spruce_log":20,"minecraft:crying_obsidian":3,"jeg:handmade_shell":15,"minecraft:purple_bed":4,"tetra:geode":1,"jeg:ectoplasm":5,"rpgsmw:crossbow_bolt_model":1,"gamma_beasts:thin_spruce_log":5,"minecraft:baked_potato":28,"minecraft:melon_seeds":3,"minecraft:chiseled_deepslate":14,"minecraft:wheat":54,"beachparty:rubber_ring_axolotl":3,"gamma_beasts:fur":9,"beachparty:palm_tall_torch":3,"vinery:dark_cherry_slab":52,"minecraft:potion":2,"bakery:strawberry_seeds":1,"born_in_chaos_v1:bloody_gadfly_eye":4,"born_in_chaos_v1:black_argillite":59,"minecraft:raw_copper":200,"minecraft:smooth_stone_slab":66,"minecraft:red_candle":5,"minecraft:zombie_head":1,"jeg:revolver":1,"minecraft:oak_sign":6,"minecraft:deepslate_tiles":286,"farmersdelight:cabbage":4,"minecraft:bucket":1,"meds_and_herbs:belladonna_berry":1,"meds_and_herbs:plantago_leaves":64,"minecraft:white_tulip":12,"minecraft:rose_bush":2,"minecraft:redstone_torch":4,"minecraft:calcite":3,"minecraft:wooden_shovel":2,"minecraft:smooth_quartz":5,"minecraft:iron_pickaxe":1,"minecraft:deepslate_tile_wall":28,"born_in_chaos_v1:stimulating_decoction":1,"farmersdelight:cabbage_seeds":8,"fantasyfurniture:royal/floor_light":1,"vinery:dark_cherry_planks":380,"vinery:jungle_grape_seeds_white":2,"minecraft:iron_boots":3,"minecraft:furnace":2,"fantasyfurniture:bone/skeleton/wall_light":3,"minecraft:tipped_arrow":4,"minecraft:stick":847,"farmersdelight:rotten_tomato":1,"jeg:pistol_ammo":95,"minecraft:torch":102,"minecraft:spruce_stairs":1,"minecraft:porkchop":12,"minecraft:pointed_dripstone":3,"born_in_chaos_v1:nightmare_claw":8,"minecraft:cactus":13,"minecraft:rotten_flesh":339,"born_in_chaos_v1:sea_terror_eye":6,"farmersdelight:tree_bark":479,"supplementaries:antique_ink":6,"create:asurine":1,"alexsmobs:emu_egg":2,"minecraft:mangrove_roots":2,"rpgsmw:edmantium":2,"minecraft:obsidian":6,"fantasyfurniture:decorations/necrolord_candelabra":2,"minecraft:cod":2,"vinery:apple_log":601,"minecraft:cobblestone":726,"meds_and_herbs:aloe_leaves":16,"minecraft:enchanting_table":1,"minecraft:leather_chestplate":2,"minecraft:cherry_planks":142,"minecraft:andesite":1,"gamma_beasts:prehnite":40,"minecraft:black_bed":29,"minecraft:chiseled_quartz_block":2,"born_in_chaos_v1:mint_ice_cream":3,"minecraft:potato":54,"minecraft:tuff":2,"create:raw_zinc":85,"gamma_beasts:oak_leaf":152,"supplementaries:flax_seeds":10,"skilltree:gem":164,"minecraft:lapis_lazuli":158,"minecraft:dirt":5461,"minecraft:stripped_birch_log":11,"minecraft:cut_sandstone_slab":2,"brewery:hops_seeds":10,"born_in_chaos_v1:monster_skin":20,"minecraft:leather_boots":2,"minecraft:glass":66,"minecraft:bone":176,"minecraft:bow":2,"minecraft:wheat_seeds":529,"farmersdelight:sweet_berry_cookie":40,"minecraft:raw_gold":39,"minecraft:bamboo":26,"minecraft:oak_planks":102,"meds_and_herbs:aloe_fruits":12,"minecraft:cooked_porkchop":41,"minecraft:poisonous_potato":1,"vinery:dark_cherry_sapling":112,"minecraft:sand":528,"minecraft:mossy_cobblestone":5,"beachparty:cooked_mussel_meat":45,"minecraft:light_gray_concrete":2,"minecraft:diamond":7,"minecraft:bone_meal":2,"minecraft:grass":2,"minecraft:spruce_sign":1,"scalinghealth:cursed_heart":2,"minecraft:emerald":25,"minecraft:netherrack":1,"born_in_chaos_v1:sea_terror_stomach":2,"minecraft:fishing_rod":1,"minecraft:cocoa_beans":6,"born_in_chaos_v1:diamond_termite_shard":44,"minecraft:azure_bluet":20,"minecraft:chicken":10,"born_in_chaos_v1:river_mint":15,"minecraft:brown_mushroom":354,"minecraft:cooked_rabbit":3,"minecraft:gold_block":2,"faded_conquest_2:summon_blocknight":7,"minecraft:chain":1,"minecraft:brick":12,"beachparty:coconut":1,"minecraft:shield":1,"minecraft:iron_axe":1,"minecraft:item_frame":1,"beachparty:seashell":10,"minecraft:cyan_carpet":2,"minecraft:blackstone":1,"vinery:apple_tree_sapling":346,"scalinghealth:chance_heart":4,"farmersdelight:straw":520,"minecraft:player_head":2,"minecraft:sugar_cane":106,"crittersandcompanions:clam":18,"born_in_chaos_v1:dark_stained_glass":39,"minecraft:raw_iron":318,"minecraft:stripped_mangrove_wood":1,"fantasyfurniture:venthyr/chandelier":1,"minecraft:bowl":6,"minecraft:gray_dye":1,"meds_and_herbs:sweet_clover_flowers":6,"alexsmobs:crocodile_scute":16,"minecraft:arrow":201,"fantasyfurniture:necrolord/chandelier":1,"crittersandcompanions:silk":25,"jeg:gunmetal_workbench":1,"minecraft:glistering_melon_slice":12,"born_in_chaos_v1:fused_bone":7,"born_in_chaos_v1:corpse_maggot":72,"farmersdelight:rich_soil":286,"meds_and_herbs:bark_cherry":287,"minecraft:glow_ink_sac":5,"minecraft:salmon":6,"minecraft:leather":30,"gamma_beasts:thin_birch_log":6,"minecraft:crimson_fungus":1,"gamma_beasts:green_apple":73,"gamma_beasts:accumulator_bag_cristal_pearl":1,"minecraft:gunpowder":65,"scalinghealth:heart_crystal":38,"minecraft:deepslate_tile_slab":150,"minecraft:cooked_mutton":47,"candlelight:rose":11,"minecraft:rabbit_hide":10,"minecraft:iron_ingot":132,"minecraft:cooked_chicken":13,"minecraft:soul_sand":18,"jeg:tech_trash":46,"minecraft:black_candle":1,"bakery:strawberry":1,"scalinghealth:heart_crystal_shard":80,"minecraft:warped_fungus":3,"endrem:black_eye":1,"minecraft:emerald_block":28,"born_in_chaos_v1:death_totem":1,"born_in_chaos_v1:lifestealer_bone":6,"minecraft:dandelion":13,"minecraft:dripstone_block":2,"born_in_chaos_v1:dark_rod":2,"gamma_beasts:blackberry":33,"minecraft:spider_eye":55,"gamma_beasts:spruce_leaf":18,"toms_storage:ts.tag_item_filter":1,"alexsmobs:raw_catfish":6,"meds_and_herbs:vinca_leaves":4,"minecraft:cherry_sapling":470,"minecraft:dark_oak_wood":6,"minecraft:coal":740,"minecraft:sunflower":12}},"DataVersion":3465}