{"stats":{"minecraft:picked_up":{"minecraft:dark_oak_planks":1,"minecraft:birch_log":24,"born_in_chaos_v1:corpse_maggot":2,"minecraft:stick":4,"minecraft:sweet_berries":74,"scalinghealth:heart_crystal":1,"minecraft:birch_sapling":6,"minecraft:rail":4,"minecraft:cobblestone":4},"minecraft:used":{"minecraft:wooden_sword":3,"minecraft:sweet_berries":7,"minecraft:bread":1,"minecraft:birch_sapling":2},"minecraft:custom":{"minecraft:time_since_rest":13623,"minecraft:crouch_one_cm":1061,"minecraft:play_time":13623,"minecraft:sprint_one_cm":4540,"minecraft:damage_taken":330,"minecraft:walk_one_cm":34161,"minecraft:sneak_time":214,"minecraft:mob_kills":2,"minecraft:jump":22,"minecraft:damage_dealt":131,"minecraft:leave_game":1,"minecraft:time_since_death":13623,"minecraft:total_world_time":13623,"minecraft:fall_one_cm":1014,"minecraft:fly_one_cm":1149},"minecraft:mined":{"minecraft:grass":2,"minecraft:birch_log":18,"minecraft:sweet_berry_bush":20,"minecraft:birch_leaves":8,"treechop:chopped_log":6,"minecraft:fern":3},"minecraft:killed":{"jeg:ghoul":1,"born_in_chaos_v1:maggot":1}},"DataVersion":3465}