{"stats":{"minecraft:custom":{"minecraft:interact_with_crafting_table":39,"minecraft:open_barrel":61,"minecraft:leave_game":5,"minecraft:time_since_death":186495,"minecraft:damage_resisted":937,"minecraft:sprint_one_cm":2150276,"minecraft:drop":282,"minecraft:talked_to_villager":13,"minecraft:play_time":502052,"minecraft:deaths":12,"minecraft:jump":3709,"minecraft:walk_on_water_one_cm":103719,"minecraft:interact_with_furnace":41,"minecraft:traded_with_villager":6,"minecraft:sleep_in_bed":28,"minecraft:damage_dealt":33612,"minecraft:crouch_one_cm":108370,"minecraft:inspect_dispenser":1,"minecraft:mob_kills":177,"minecraft:interact_with_campfire":70,"minecraft:damage_dealt_resisted":1691,"minecraft:climb_one_cm":20894,"minecraft:walk_one_cm":1690216,"minecraft:damage_dealt_absorbed":57,"minecraft:sneak_time":29923,"minecraft:walk_under_water_one_cm":33016,"minecraft:interact_with_blast_furnace":43,"minecraft:total_world_time":502052,"minecraft:time_since_rest":937,"minecraft:damage_taken":15980,"minecraft:swim_one_cm":165784,"minecraft:fly_one_cm":1313314,"minecraft:open_chest":222,"minecraft:fall_one_cm":61955},"minecraft:killed":{"minecraft:cave_spider":3,"born_in_chaos_v1:restless_spirit":1,"born_in_chaos_v1:zombie_lumberjack":1,"minecraft:spider":6,"minecraft:dolphin":1,"born_in_chaos_v1:baby_skeleton_minion":4,"minecraft:skeleton":7,"minecraft:chicken":3,"born_in_chaos_v1:supreme_bonescaller_stage_2":1,"minecraft:pig":2,"minecraft:sheep":7,"minecraft:pillager":3,"minecraft:zombie":65,"minecraft:stray":3,"alexsmobs:fly":1,"minecraft:cow":13,"minecraft:vex":4,"born_in_chaos_v1:maggot":21,"minecraft:horse":1,"alexsmobs:bison":1,"born_in_chaos_v1:spiritof_chaos":1,"minecraft:husk":1,"born_in_chaos_v1:bone_imp_minion":9,"born_in_chaos_v1:baby_skeleton":1,"minecraft:rabbit":1,"born_in_chaos_v1:decrepit_skeleton":3,"gamma_beasts:diamond_golem_a":1,"born_in_chaos_v1:bonescaller_not_despawn":2,"born_in_chaos_v1:nightmare_stalker":1},"minecraft:broken":{"minecraft:iron_shovel":1,"rpgsmw:stone_knife":1,"minecraft:iron_boots":3,"minecraft:golden_leggings":1,"minecraft:stone_pickaxe":1,"minecraft:wooden_sword":1,"minecraft:stone_axe":1,"minecraft:iron_sword":1,"minecraft:stone_shovel":24,"minecraft:leather_helmet":1,"minecraft:stone_sword":1,"minecraft:leather_chestplate":4,"minecraft:wooden_pickaxe":1,"minecraft:leather_boots":1,"minecraft:iron_helmet":1},"minecraft:picked_up":{"gamma_beasts:thin_oak_log":28,"rpgsmw:iron_sickle":1,"beachparty:rubber_ring_axolotl":3,"minecraft:flower_pot":1,"minecraft:potion":1,"minecraft:string":24,"minecraft:raw_copper":140,"minecraft:cooked_salmon":3,"minecraft:smooth_stone_slab":66,"minecraft:gold_nugget":60,"minecraft:cobbled_deepslate":1,"minecraft:spruce_planks":33,"meds_and_herbs:plantago_leaves":26,"minecraft:iron_pickaxe":1,"vinery:dark_cherry_planks":25,"born_in_chaos_v1:stimulating_decoction":1,"minecraft:melon_slice":22,"vinery:jungle_grape_seeds_white":2,"minecraft:mangrove_log":3,"minecraft:iron_boots":2,"minecraft:stick":9,"born_in_chaos_v1:shattered_skull":5,"minecraft:torch":5,"minecraft:porkchop":4,"born_in_chaos_v1:nightmare_claw":1,"minecraft:stone_sword":2,"born_in_chaos_v1:fried_maggot":7,"minecraft:rotten_flesh":128,"minecraft:iron_block":2,"gamma_beasts:coal_nugget":59,"minecraft:mangrove_roots":2,"born_in_chaos_v1:cultivated_pumpkin":4,"supplementaries:ash":3,"vinery:dark_cherry_log":6,"vinery:apple_log":5,"minecraft:cod":2,"alexsmobs:flying_fish":1,"minecraft:cobblestone":216,"minecraft:leather_chestplate":1,"minecraft:cooked_beef":13,"minecraft:feather":5,"born_in_chaos_v1:spiritual_dust":10,"minecraft:black_bed":14,"minecraft:potato":3,"born_in_chaos_v1:mint_ice_cream":3,"minecraft:flint":2,"create:raw_zinc":5,"gamma_beasts:oak_leaf":75,"jeg:scrap":39,"skilltree:gem":35,"farmersdelight:tomato":5,"minecraft:dirt":3748,"brewery:hops_seeds":10,"born_in_chaos_v1:monster_skin":6,"born_in_chaos_v1:marigolds":2,"minecraft:bone":9,"minecraft:wheat_seeds":86,"farmersdelight:sweet_berry_cookie":40,"minecraft:raw_gold":1,"minecraft:rabbit":1,"minecraft:bamboo":26,"minecraft:cooked_porkchop":4,"vinery:dark_cherry_sapling":2,"minecraft:sand":2,"minecraft:mossy_cobblestone":5,"gamma_beasts:thin_jungle_log":3,"create:crimsite":2,"scalinghealth:cursed_heart":1,"alexsmobs:maggot":4,"minecraft:coarse_dirt":2,"minecraft:crafting_table":2,"born_in_chaos_v1:smoked_monster_flesh":1,"minecraft:chicken":3,"born_in_chaos_v1:river_mint":11,"minecraft:leather_leggings":1,"born_in_chaos_v1:seedof_chaos":8,"minecraft:cooked_rabbit":1,"minecraft:chain":1,"minecraft:brick":12,"minecraft:shield":1,"minecraft:cornflower":1,"minecraft:iron_axe":1,"minecraft:blackstone":1,"vinery:apple_tree_sapling":3,"minecraft:beef":32,"vinery:cherry":6,"minecraft:poppy":1,"minecraft:sugar_cane":1,"minecraft:raw_iron":13,"farmersdelight:tomato_seeds":9,"minecraft:carrot":7,"minecraft:redstone":1,"minecraft:arrow":6,"minecraft:decorated_pot":8,"minecraft:hay_block":2,"minecraft:gold_ingot":75,"minecraft:mutton":14,"minecraft:white_wool":5,"born_in_chaos_v1:fused_bone":4,"born_in_chaos_v1:corpse_maggot":21,"born_in_chaos_v1:monster_flesh":2,"minecraft:tripwire_hook":1,"minecraft:salmon":2,"minecraft:leather":16,"minecraft:crimson_fungus":1,"gamma_beasts:green_apple":63,"minecraft:oak_log":1,"scalinghealth:bandages":1,"scalinghealth:heart_crystal":9,"minecraft:white_banner":1,"minecraft:cooked_mutton":14,"minecraft:apple":18,"minecraft:kelp":17,"candlelight:tomato":3,"candlelight:rose":3,"minecraft:rabbit_hide":4,"minecraft:iron_ingot":119,"minecraft:stone_pickaxe":3,"scalinghealth:power_crystal_shard":4,"minecraft:iron_sword":1,"jeg:tech_trash":6,"scalinghealth:heart_crystal_shard":7,"minecraft:polished_andesite_stairs":1,"bakery:strawberry":1,"minecraft:warped_fungus":3,"minecraft:smooth_basalt":9,"minecraft:black_candle":1,"meds_and_herbs:seeds_vinca":1,"minecraft:sweet_berries":113,"vinery:taiga_grape_seeds_red":8,"born_in_chaos_v1:orbofthe_summoner":2,"born_in_chaos_v1:ethereal_spirit":6,"minecraft:gravel":11,"minecraft:spruce_sapling":3,"minecraft:spruce_log":19,"gamma_beasts:blackberry":33,"minecraft:spider_eye":9,"gamma_beasts:spruce_leaf":18,"minecraft:purple_bed":3,"meds_and_herbs:vinca_leaves":2,"gamma_beasts:thin_spruce_log":5,"minecraft:baked_potato":25,"minecraft:dark_oak_wood":6,"minecraft:coal":178},"minecraft:crafted":{"minecraft:smooth_stone":0,"minecraft:oak_planks":80,"minecraft:cooked_chicken":3,"minecraft:stone":0,"minecraft:chest":4,"rpgsmw:woodenfiber":2,"minecraft:emerald":15,"vinery:dark_cherry_planks":24,"minecraft:spruce_planks":70,"minecraft:copper_ingot":60,"minecraft:stick":72,"minecraft:iron_ingot":44,"minecraft:gold_ingot":8,"minecraft:stone_shovel":23,"minecraft:blast_furnace":1,"minecraft:bone_meal":6,"minecraft:dark_oak_planks":16,"minecraft:wheat":18,"sophisticatedbackpacks:iron_backpack":1,"minecraft:cooked_beef":0,"minecraft:cooked_cod":0,"rpgsmw:steel":21,"minecraft:cooked_salmon":0,"sophisticatedbackpacks:gold_backpack":1,"minecraft:air":0,"farmersdelight:sweet_berry_cookie":72,"minecraft:bread":1,"minecraft:torch":104,"ironchest:iron_chest":3},"minecraft:killed_by":{"minecraft:player":1},"minecraft:used":{"minecraft:beetroot":4,"minecraft:iron_shovel":251,"minecraft:decorated_pot":6,"minecraft:iron_sword":248,"rpgsmw:iron_sickle":171,"minecraft:carrot":12,"ironchest:iron_chest":5,"vinery:dark_cherry_sapling":2,"farmersdelight:sweet_berry_cookie":40,"minecraft:milk_bucket":2,"born_in_chaos_v1:smoked_flesh":18,"minecraft:dark_oak_wood":2,"vinery:dark_cherry_planks":1,"minecraft:sweet_berries":69,"minecraft:cooked_cod":5,"minecraft:furnace":1,"minecraft:potato":3,"minecraft:stone_pickaxe":357,"create:crimsite":2,"minecraft:wooden_pickaxe":59,"minecraft:diamond_axe":1,"minecraft:blast_furnace":1,"tetra:modular_double":1,"gamma_beasts:blackberry":30,"minecraft:black_bed":14,"minecraft:melon_slice":11,"minecraft:bread":43,"born_in_chaos_v1:marigolds":2,"minecraft:gravel":6,"minecraft:wooden_sword":58,"minecraft:cooked_rabbit":1,"minecraft:chain":1,"minecraft:bone_meal":6,"minecraft:experience_bottle":2,"minecraft:stone_sword":194,"minecraft:stone_shovel":3276,"minecraft:redstone":1,"minecraft:spruce_planks":18,"gamma_beasts:green_apple":32,"minecraft:cooked_salmon":5,"born_in_chaos_v1:fried_maggot":7,"minecraft:cooked_chicken":3,"minecraft:torch":82,"minecraft:dirt":387,"scalinghealth:heart_crystal":9,"minecraft:iron_axe":128,"minecraft:tripwire_hook":1,"minecraft:cooked_beef":22,"minecraft:cooked_mutton":14,"born_in_chaos_v1:mint_ice_cream":3,"minecraft:baked_potato":15,"rpgsmw:stone_knife":143,"minecraft:mossy_cobblestone":1,"minecraft:crafting_table":4,"bakery:strawberry":1,"minecraft:campfire":2,"minecraft:spruce_log":1,"minecraft:apple":26,"minecraft:iron_pickaxe":15,"jeg:scrap_workbench":1,"minecraft:stone_axe":66,"minecraft:cobblestone":3,"minecraft:purple_bed":1,"minecraft:cooked_porkchop":2,"minecraft:black_candle":1,"vinery:apple_tree_sapling":3},"minecraft:mined":{"born_in_chaos_v1:cultivated_pumpkin":4,"gamma_beasts:roble_hoja_1":1,"minecraft:spruce_planks":10,"vinery:dark_cherry_leaves":2,"minecraft:cobblestone_stairs":1,"minecraft:potted_crimson_fungus":1,"vinery:taiga_grape_bush_red":3,"minecraft:grass_block":1594,"vinery:apple_log":1,"minecraft:spawner":10,"minecraft:iron_ore":13,"minecraft:iron_block":2,"minecraft:spruce_slab":3,"minecraft:tripwire":1,"meds_and_herbs:wild_vinca":1,"brewery:wild_hops":4,"minecraft:blackstone":1,"amendments:tool_hook":1,"minecraft:dark_oak_wood":3,"minecraft:melon":4,"minecraft:dead_bush":1,"gamma_beasts:thin_spruce_log":1,"minecraft:cobblestone":30,"minecraft:wall_torch":4,"minecraft:chain":1,"born_in_chaos_v1:river_mint":3,"minecraft:black_bed":13,"minecraft:potted_poppy":1,"minecraft:smooth_stone_slab":60,"minecraft:grass":385,"minecraft:dirt":1795,"minecraft:mangrove_log":3,"minecraft:smooth_basalt":5,"vinery:apple_leaves":5,"create:crimsite":2,"minecraft:oak_leaves":1,"minecraft:deepslate":1,"create:zinc_ore":5,"minecraft:mossy_cobblestone":4,"meds_and_herbs:plantago":12,"minecraft:mangrove_roots":1,"vinery:dark_cherry_planks":1,"minecraft:decorated_pot":11,"minecraft:redstone_wire":1,"minecraft:spruce_leaves":14,"minecraft:large_fern":4,"treechop:chopped_log":59,"minecraft:stone":90,"gamma_beasts:abeto_hoja":9,"jeg:scrap_ore":11,"born_in_chaos_v1:marigolds":2,"vinery:dark_cherry_log":1,"minecraft:crafting_table":2,"minecraft:cornflower":1,"gamma_beasts:abeto_hoja_1":17,"bakery:wild_strawberries":1,"candlelight:wild_tomatoes":3,"minecraft:tall_grass":59,"minecraft:copper_ore":36,"minecraft:deepslate_coal_ore":27,"farmersdelight:wild_tomatoes":10,"minecraft:purple_bed":1,"jeg:deepslate_scrap_ore":10,"minecraft:sweet_berry_bush":48,"minecraft:ice":1,"minecraft:spruce_log":2,"minecraft:birch_leaves":2,"minecraft:mangrove_leaves":2,"gamma_beasts:thin_oak_log":6,"minecraft:coal_ore":116,"vinery:jungle_grape_bush_white":1,"minecraft:gravel":12,"minecraft:cobweb":7,"minecraft:gold_ore":1,"minecraft:fern":12},"minecraft:dropped":{"minecraft:iron_sword":1,"minecraft:warped_fungus":3,"minecraft:baked_potato":10,"minecraft:cooked_porkchop":2,"minecraft:decorated_pot":2,"rpgsmw:woodenfiber":2,"sophisticatedbackpacks:gold_backpack":1,"minecraft:emerald":6,"minecraft:dirt":3105,"gamma_beasts:thin_jungle_log":3,"minecraft:cornflower":2,"alexsmobs:flying_fish":1,"farmersdelight:sweet_berry_cookie":72,"minecraft:sand":2,"minecraft:white_wool":5,"minecraft:gold_ingot":58,"minecraft:bone":6,"minecraft:gravel":9,"minecraft:crimson_fungus":1,"minecraft:blackstone":1,"minecraft:sugar_cane":1,"minecraft:mangrove_roots":2,"vinery:taiga_grape_seeds_red":4,"minecraft:cobbled_deepslate":1,"minecraft:rotten_flesh":112,"born_in_chaos_v1:smoked_flesh":9,"beachparty:rubber_ring_axolotl":1,"minecraft:poppy":1,"minecraft:rabbit_hide":3,"minecraft:leather_chestplate":1,"minecraft:gunpowder":39,"born_in_chaos_v1:corpse_maggot":9,"minecraft:leather_leggings":1,"minecraft:arrow":5,"minecraft:iron_ingot":48,"born_in_chaos_v1:shattered_skull":1,"minecraft:wheat_seeds":72,"born_in_chaos_v1:scorched_planks_fence":3,"gamma_beasts:oak_leaf":11,"vinery:dark_cherry_planks":24,"minecraft:mossy_cobblestone":4,"scalinghealth:cursed_heart":1,"gamma_beasts:coal_nugget":24,"minecraft:poisonous_potato":4,"minecraft:cobblestone":53,"minecraft:coal":9,"minecraft:torch":15,"born_in_chaos_v1:fused_bone":4,"minecraft:cooked_salmon":1,"minecraft:potion":2,"minecraft:white_banner":1,"minecraft:iron_axe":1,"minecraft:string":4,"vinery:cherry":6,"minecraft:spruce_sapling":5,"minecraft:smooth_basalt":9,"alexsmobs:maggot":4,"minecraft:sweet_berries":51,"minecraft:coarse_dirt":2,"minecraft:stone_sword":2,"minecraft:smooth_stone_slab":39,"born_in_chaos_v1:smoked_monster_flesh":1,"gamma_beasts:blackberry":3,"gamma_beasts:green_apple":31,"minecraft:spruce_planks":40,"minecraft:purple_bed":2,"minecraft:spider_eye":9,"brewery:hops_seeds":10,"minecraft:stone_pickaxe":3}},"DataVersion":3465}