{"stats":{"minecraft:picked_up":{"minecraft:coarse_dirt":2,"born_in_chaos_v1:smoked_monster_flesh":1,"minecraft:flower_pot":1,"born_in_chaos_v1:seedof_chaos":1,"minecraft:cooked_rabbit":1,"minecraft:potion":1,"minecraft:shield":1,"minecraft:cornflower":1,"minecraft:string":2,"minecraft:raw_copper":33,"minecraft:cooked_salmon":2,"minecraft:smooth_stone_slab":66,"minecraft:spruce_planks":24,"minecraft:beef":1,"minecraft:poppy":1,"born_in_chaos_v1:stimulating_decoction":1,"minecraft:iron_boots":1,"minecraft:raw_iron":5,"minecraft:stick":4,"minecraft:porkchop":4,"minecraft:carrot":1,"minecraft:redstone":1,"minecraft:stone_sword":2,"born_in_chaos_v1:fried_maggot":7,"minecraft:arrow":1,"minecraft:rotten_flesh":94,"minecraft:hay_block":2,"gamma_beasts:coal_nugget":6,"born_in_chaos_v1:cultivated_pumpkin":4,"supplementaries:ash":1,"minecraft:cobblestone":31,"born_in_chaos_v1:corpse_maggot":12,"minecraft:cooked_beef":1,"born_in_chaos_v1:monster_flesh":1,"minecraft:salmon":2,"minecraft:leather":2,"born_in_chaos_v1:mint_ice_cream":3,"minecraft:potato":3,"minecraft:flint":1,"minecraft:oak_log":1,"jeg:scrap":2,"scalinghealth:heart_crystal":3,"skilltree:gem":8,"brewery:hops_seeds":10,"minecraft:bone":4,"minecraft:wheat_seeds":3,"farmersdelight:sweet_berry_cookie":40,"minecraft:rabbit_hide":1,"scalinghealth:power_crystal_shard":2,"minecraft:rabbit":1,"jeg:tech_trash":2,"minecraft:polished_andesite_stairs":1,"minecraft:black_candle":1,"minecraft:cooked_porkchop":4,"minecraft:sweet_berries":109,"vinery:taiga_grape_seeds_red":4,"born_in_chaos_v1:ethereal_spirit":5,"minecraft:gravel":3,"minecraft:spruce_sapling":3,"minecraft:spruce_log":19,"gamma_beasts:blackberry":30,"minecraft:spider_eye":1,"minecraft:mossy_cobblestone":5,"gamma_beasts:spruce_leaf":18,"create:crimsite":2,"gamma_beasts:thin_spruce_log":5,"minecraft:baked_potato":6,"minecraft:coal":37},"minecraft:killed":{"born_in_chaos_v1:restless_spirit":1,"born_in_chaos_v1:zombie_lumberjack":1,"minecraft:spider":1,"born_in_chaos_v1:maggot":15,"minecraft:skeleton":2,"born_in_chaos_v1:spiritof_chaos":1,"minecraft:pig":2,"minecraft:rabbit":1,"born_in_chaos_v1:decrepit_skeleton":2,"minecraft:zombie":59,"minecraft:cow":1},"minecraft:mined":{"born_in_chaos_v1:cultivated_pumpkin":4,"minecraft:spruce_planks":9,"minecraft:mossy_cobblestone":4,"vinery:taiga_grape_bush_red":3,"minecraft:redstone_wire":1,"minecraft:spruce_leaves":14,"minecraft:spawner":6,"minecraft:large_fern":3,"minecraft:iron_ore":5,"treechop:chopped_log":20,"minecraft:stone":6,"gamma_beasts:abeto_hoja":8,"jeg:scrap_ore":3,"brewery:wild_hops":4,"minecraft:cornflower":1,"gamma_beasts:abeto_hoja_1":15,"gamma_beasts:thin_spruce_log":1,"minecraft:copper_ore":10,"minecraft:cobblestone":22,"minecraft:sweet_berry_bush":48,"minecraft:spruce_log":2,"minecraft:birch_leaves":2,"minecraft:potted_poppy":1,"minecraft:smooth_stone_slab":60,"minecraft:grass":3,"minecraft:coal_ore":27,"minecraft:gravel":4,"create:crimsite":2,"minecraft:fern":10},"minecraft:used":{"minecraft:beetroot":4,"minecraft:stone_sword":176,"minecraft:iron_shovel":4,"minecraft:redstone":1,"minecraft:spruce_planks":18,"born_in_chaos_v1:fried_maggot":7,"minecraft:cooked_salmon":1,"minecraft:torch":64,"scalinghealth:heart_crystal":3,"minecraft:carrot":6,"farmersdelight:sweet_berry_cookie":11,"minecraft:sweet_berries":61,"born_in_chaos_v1:mint_ice_cream":3,"minecraft:stone_pickaxe":87,"minecraft:baked_potato":4,"create:crimsite":2,"minecraft:wooden_pickaxe":59,"rpgsmw:stone_knife":143,"minecraft:mossy_cobblestone":1,"minecraft:crafting_table":1,"minecraft:campfire":1,"gamma_beasts:blackberry":30,"minecraft:spruce_log":1,"minecraft:apple":14,"minecraft:bread":6,"minecraft:stone_axe":66,"minecraft:wooden_sword":58,"minecraft:cobblestone":3,"minecraft:cooked_porkchop":2,"minecraft:black_candle":1,"minecraft:experience_bottle":2},"minecraft:broken":{"rpgsmw:stone_knife":1,"minecraft:stone_sword":1,"minecraft:leather_chestplate":1,"minecraft:wooden_pickaxe":1,"minecraft:wooden_sword":1,"minecraft:leather_boots":1,"minecraft:stone_axe":1},"minecraft:custom":{"minecraft:mob_kills":90,"minecraft:interact_with_crafting_table":9,"minecraft:open_barrel":4,"minecraft:interact_with_campfire":27,"minecraft:damage_dealt_resisted":112,"minecraft:leave_game":1,"minecraft:time_since_death":5281,"minecraft:climb_one_cm":4350,"minecraft:damage_resisted":527,"minecraft:sprint_one_cm":399118,"minecraft:walk_one_cm":678637,"minecraft:drop":97,"minecraft:damage_dealt_absorbed":57,"minecraft:play_time":120423,"minecraft:deaths":3,"minecraft:sneak_time":9240,"minecraft:walk_under_water_one_cm":1960,"minecraft:jump":463,"minecraft:walk_on_water_one_cm":6187,"minecraft:total_world_time":120423,"minecraft:interact_with_furnace":1,"minecraft:sleep_in_bed":1,"minecraft:time_since_rest":6516,"minecraft:damage_taken":4788,"minecraft:damage_dealt":15795,"minecraft:swim_one_cm":7242,"minecraft:fly_one_cm":101073,"minecraft:open_chest":40,"minecraft:crouch_one_cm":8355,"minecraft:fall_one_cm":2647},"minecraft:dropped":{"minecraft:wheat_seeds":3,"born_in_chaos_v1:scorched_planks_fence":3,"minecraft:baked_potato":2,"minecraft:mossy_cobblestone":4,"minecraft:cooked_porkchop":2,"minecraft:poisonous_potato":4,"minecraft:cobblestone":1,"minecraft:coal":9,"minecraft:cornflower":2,"minecraft:cooked_salmon":1,"farmersdelight:sweet_berry_cookie":72,"minecraft:potion":2,"minecraft:spruce_sapling":5,"minecraft:bone":2,"minecraft:gravel":3,"minecraft:sweet_berries":50,"minecraft:coarse_dirt":2,"minecraft:stone_sword":2,"minecraft:smooth_stone_slab":39,"born_in_chaos_v1:smoked_monster_flesh":1,"minecraft:rotten_flesh":80,"minecraft:poppy":1,"minecraft:spruce_planks":32,"minecraft:spider_eye":1,"brewery:hops_seeds":10},"minecraft:crafted":{"minecraft:oak_planks":4,"rpgsmw:woodenfiber":2,"minecraft:wheat":18,"minecraft:spruce_planks":70,"farmersdelight:sweet_berry_cookie":72,"minecraft:stick":48,"minecraft:torch":104}},"DataVersion":3465}