{"stats":{"minecraft:custom":{"minecraft:interact_with_crafting_table":146,"minecraft:open_barrel":91,"minecraft:eat_cake_slice":22,"minecraft:leave_game":18,"minecraft:time_since_death":150224,"minecraft:play_time":1353257,"minecraft:deaths":22,"minecraft:jump":8850,"minecraft:interact_with_furnace":103,"minecraft:traded_with_villager":6,"minecraft:sleep_in_bed":81,"minecraft:damage_dealt":108978,"minecraft:inspect_dispenser":1,"minecraft:interact_with_smithing_table":1,"minecraft:damage_dealt_absorbed":57,"minecraft:sneak_time":66935,"minecraft:interact_with_blast_furnace":152,"minecraft:total_world_time":1353257,"minecraft:interact_with_stonecutter":3,"minecraft:time_since_rest":6016,"minecraft:swim_one_cm":363068,"minecraft:fly_one_cm":3867819,"minecraft:open_chest":1099,"minecraft:fall_one_cm":114285,"minecraft:animals_bred":1,"minecraft:damage_resisted":2114,"minecraft:sprint_one_cm":4903664,"minecraft:drop":590,"minecraft:talked_to_villager":16,"minecraft:walk_on_water_one_cm":247375,"minecraft:crouch_one_cm":270538,"minecraft:mob_kills":403,"minecraft:interact_with_campfire":145,"minecraft:damage_dealt_resisted":7660,"minecraft:climb_one_cm":44019,"minecraft:walk_one_cm":3639690,"minecraft:walk_under_water_one_cm":120952,"minecraft:damage_taken":41189},"minecraft:used":{"minecraft:beetroot":4,"minecraft:chiseled_deepslate":30,"minecraft:chest":12,"rpgsmw:iron_sickle":348,"ironchest:iron_chest":7,"gamma_beasts:prehnite_pickaxe":270,"vinery:dark_cherry_sapling":9,"born_in_chaos_v1:smoked_flesh":18,"vinery:dark_cherry_planks":240,"born_in_chaos_v1:fired_black_argillite":3,"minecraft:sweet_berries":69,"minecraft:furnace":2,"minecraft:cooked_cod":6,"beachparty:palm_tall_torch":7,"minecraft:potato":3,"ironchest:dirt_chest":1,"create:crimsite":2,"minecraft:wooden_pickaxe":59,"minecraft:sand":2,"gamma_beasts:prehnite_axe":1464,"minecraft:blast_furnace":1,"tetra:modular_double":1,"gamma_beasts:blackberry":30,"minecraft:deepslate_tiles":6,"beachparty:seashell":1,"minecraft:wooden_sword":58,"minecraft:stone_sword":194,"minecraft:cooked_salmon":5,"born_in_chaos_v1:fried_maggot":7,"minecraft:netherrack":1,"rpgsmw:steel_sickle":1122,"minecraft:torch":216,"create:ochrum":7,"minecraft:iron_axe":260,"minecraft:tripwire_hook":1,"minecraft:cobbled_deepslate":4,"minecraft:cherry_log":3,"minecraft:pointed_dripstone":3,"born_in_chaos_v1:mint_ice_cream":3,"minecraft:water_bucket":10,"gamma_beasts:prehnite_sword":271,"born_in_chaos_v1:black_argillite_brick_stairs":6,"minecraft:mossy_cobblestone":1,"minecraft:crafting_table":5,"minecraft:campfire":3,"minecraft:cake":6,"minecraft:spruce_log":1,"gamma_beasts:prehnite_shovel":1090,"rpgsmw:copper_sickle":281,"minecraft:iron_pickaxe":479,"jeg:scrap_workbench":1,"minecraft:cobblestone":339,"minecraft:purple_bed":1,"vinery:cherry":38,"minecraft:cooked_porkchop":7,"minecraft:black_candle":1,"vinery:apple_tree_sapling":33,"minecraft:cherry_sapling":10,"minecraft:iron_shovel":755,"minecraft:decorated_pot":6,"minecraft:iron_sword":447,"minecraft:carrot":12,"farmersdelight:sweet_berry_cookie":40,"minecraft:milk_bucket":2,"born_in_chaos_v1:corpse_maggot":1,"minecraft:lantern":81,"gamma_beasts:pear":3,"minecraft:dark_oak_wood":2,"minecraft:crimson_roots":1,"minecraft:golden_sword":32,"minecraft:written_book":2,"jeg:revolver":24,"minecraft:golden_boots":1,"beachparty:cooked_mussel_meat":8,"minecraft:stone_pickaxe":512,"minecraft:diamond_axe":1561,"minecraft:sugar_cane":18,"farmersdelight:organic_compost":71,"minecraft:mushroom_stew":14,"minecraft:dripstone_block":1,"minecraft:black_bed":20,"minecraft:melon_slice":22,"minecraft:bread":60,"minecraft:string":2,"born_in_chaos_v1:marigolds":2,"beachparty:palm_torch_item":4,"minecraft:gravel":6,"born_in_chaos_v1:smoked_monster_flesh":1,"minecraft:cooked_rabbit":1,"minecraft:chain":1,"minecraft:bone_meal":6,"minecraft:experience_bottle":2,"farmersdelight:diamond_knife":693,"minecraft:flint_and_steel":320,"minecraft:stone_shovel":3276,"minecraft:redstone":1,"minecraft:spruce_planks":18,"gamma_beasts:green_apple":32,"minecraft:cooked_chicken":3,"supplementaries:sconce":65,"minecraft:dirt":2420,"scalinghealth:heart_crystal":24,"born_in_chaos_v1:black_argillite_column_slab":1,"scalinghealth:power_crystal":2,"jeg:double_barrel_shotgun":15,"minecraft:cooked_beef":37,"minecraft:cooked_mutton":14,"minecraft:baked_potato":15,"minecraft:red_nether_bricks":1,"minecraft:brown_mushroom":25,"rpgsmw:stone_knife":143,"minecraft:red_mushroom":12,"bakery:strawberry":1,"minecraft:flower_pot":1,"minecraft:apple":283,"minecraft:golden_leggings":1,"minecraft:stone_axe":199,"minecraft:bucket":10,"minecraft:pumpkin_pie":2,"alexsmobs:animal_dictionary":1},"minecraft:dropped":{"minecraft:iron_sword":2,"minecraft:stripped_mangrove_wood":1,"minecraft:cooked_porkchop":2,"rpgsmw:steel_paladin_armour_chestplate":2,"born_in_chaos_v1:nightmare_claw":4,"minecraft:red_mushroom":3,"minecraft:item_frame":1,"minecraft:emerald":6,"sophisticatedbackpacks:gold_backpack":1,"minecraft:dirt":3251,"faded_conquest_2:key_of_conquest":1,"alexsmobs:flying_fish":1,"minecraft:sand":66,"scalinghealth:chance_heart":1,"minecraft:fishing_rod":1,"minecraft:white_wool":5,"minecraft:cyan_carpet":3,"minecraft:bone":7,"minecraft:sugar_cane":1,"vinery:taiga_grape_seeds_red":4,"minecraft:cobbled_deepslate":65,"minecraft:rotten_flesh":139,"born_in_chaos_v1:smoked_flesh":9,"minecraft:mangrove_fence":1,"beachparty:rubber_ring_axolotl":1,"supplementaries:flax_seeds":2,"minecraft:deepslate_tiles":246,"minecraft:leather_leggings":1,"minecraft:red_nether_bricks":1,"minecraft:cherry_fence":1,"minecraft:enchanted_book":1,"minecraft:iron_ingot":48,"born_in_chaos_v1:shattered_skull":1,"minecraft:wheat_seeds":149,"born_in_chaos_v1:scorched_planks_fence":3,"minecraft:mangrove_trapdoor":1,"minecraft:dripstone_block":1,"minecraft:cobblestone":116,"minecraft:apple":2,"rpgsmw:steel_paladin_armour_leggings":2,"minecraft:deepslate_tile_slab":150,"minecraft:coal":55,"rpgsmw:steel_paladin_armour_helmet":2,"vinery:apple_log":132,"skilltree:gem":3,"minecraft:cherry_planks":33,"minecraft:cooked_salmon":1,"minecraft:potion":3,"minecraft:white_banner":1,"minecraft:string":4,"vinery:cherry":6,"minecraft:spruce_sapling":10,"minecraft:player_head":1,"minecraft:stone_sword":2,"minecraft:smooth_stone_slab":39,"born_in_chaos_v1:rotten_fish":9,"minecraft:iron_boots":1,"minecraft:cherry_slab":38,"minecraft:light_gray_concrete":2,"gamma_beasts:blackberry":3,"crittersandcompanions:silk":14,"minecraft:flower_pot":1,"rpgsmw:iron_one_handed_crossbow":1,"minecraft:spruce_planks":40,"vinery:apple_tree_sapling":245,"born_in_chaos_v1:bloody_gadfly_eye":3,"rpgsmw:copper_spear":1,"minecraft:stone_bricks":1,"minecraft:spider_eye":11,"rpgsmw:steel_greatsword":1,"minecraft:bow":1,"scalinghealth:bandages":2,"minecraft:spruce_sign":1,"minecraft:warped_fungus":3,"minecraft:baked_potato":10,"rpgsmw:steel_paladin_armour_boots":2,"minecraft:decorated_pot":2,"minecraft:deepslate_tile_wall":28,"rpgsmw:woodenfiber":2,"minecraft:mangrove_planks":1,"minecraft:birch_slab":1,"minecraft:deepslate_tile_stairs":36,"gamma_beasts:thin_jungle_log":3,"minecraft:cornflower":2,"farmersdelight:sweet_berry_cookie":72,"minecraft:snowball":1,"minecraft:gold_ingot":58,"minecraft:gravel":13,"minecraft:crimson_fungus":1,"minecraft:blackstone":1,"minecraft:mangrove_roots":2,"beachparty:seashell":1,"minecraft:cherry_sapling":522,"faded_conquest_2:summon_blocknight":3,"minecraft:mangrove_sign":1,"ironchest:dirt_chest":1,"minecraft:poppy":1,"minecraft:rabbit_hide":3,"minecraft:leather_chestplate":1,"minecraft:gunpowder":39,"born_in_chaos_v1:corpse_maggot":40,"faded_conquest_2:keyof_pestilence":1,"minecraft:arrow":8,"minecraft:written_book":1,"minecraft:bread":9,"minecraft:cherry_log":320,"gamma_beasts:oak_leaf":11,"gamma_beasts:coal_nugget":25,"minecraft:mossy_cobblestone":4,"scalinghealth:cursed_heart":1,"vinery:dark_cherry_planks":40,"minecraft:poisonous_potato":4,"minecraft:spruce_stairs":1,"minecraft:stick":324,"minecraft:torch":15,"minecraft:smooth_quartz":5,"born_in_chaos_v1:fused_bone":4,"minecraft:iron_axe":1,"minecraft:smooth_basalt":9,"minecraft:sweet_berries":51,"alexsmobs:maggot":4,"minecraft:coarse_dirt":2,"minecraft:chiseled_quartz_block":2,"minecraft:tuff":3,"born_in_chaos_v1:smoked_monster_flesh":1,"minecraft:smoker":1,"rpgsmw:crossbow_bolt_model":1,"gamma_beasts:green_apple":31,"minecraft:andesite":1,"minecraft:purple_bed":2,"brewery:hops_seeds":10,"minecraft:stone_pickaxe":3},"minecraft:picked_up":{"gamma_beasts:thin_oak_log":28,"rpgsmw:iron_sickle":1,"minecraft:prismarine_shard":6,"minecraft:flower_pot":3,"minecraft:enchanted_book":4,"minecraft:string":103,"minecraft:cooked_salmon":7,"minecraft:red_nether_bricks":1,"minecraft:beetroot":1,"minecraft:gold_nugget":90,"minecraft:cobbled_deepslate":327,"minecraft:spruce_planks":33,"rpgsmw:rawmiphrilignot":19,"minecraft:melon_slice":22,"minecraft:coal_block":10,"minecraft:mangrove_log":3,"born_in_chaos_v1:shattered_skull":5,"minecraft:cherry_log":1239,"born_in_chaos_v1:black_argillite_brick_stairs":6,"minecraft:deepslate_tile_stairs":36,"minecraft:stone_sword":2,"born_in_chaos_v1:fried_maggot":7,"create:scoria":4,"minecraft:vex_armor_trim_smithing_template":2,"create:ochrum":7,"minecraft:blue_dye":16,"minecraft:iron_block":2,"farmersdelight:rope":23,"gamma_beasts:coal_nugget":104,"born_in_chaos_v1:cultivated_pumpkin":4,"supplementaries:ash":1037,"endrem:rogue_eye":1,"vinery:dark_cherry_log":60,"minecraft:snowball":1,"alexsmobs:flying_fish":1,"gamma_beasts:pear":3,"minecraft:cooked_beef":15,"minecraft:feather":8,"minecraft:birch_slab":1,"born_in_chaos_v1:spiritual_dust":20,"minecraft:smoker":1,"faded_conquest_2:key_of_conquest":1,"minecraft:flint":2,"minecraft:cherry_fence":1,"jeg:scrap":194,"minecraft:lantern":1,"farmersdelight:tomato":5,"born_in_chaos_v1:nightmare_stalker_skull":1,"faded_conquest_2:keyof_pestilence":1,"born_in_chaos_v1:marigolds":8,"minecraft:rabbit":1,"rpgsmw:iron_one_handed_crossbow":1,"minecraft:ink_sac":2,"minecraft:bundle":1,"gamma_beasts:thin_jungle_log":3,"create:crimsite":2,"jeg:repair_kit":1,"alexsmobs:maggot":4,"born_in_chaos_v1:rotten_fish":7,"minecraft:cherry_slab":38,"minecraft:crimson_roots":1,"jeg:makeshift_stock":2,"minecraft:coarse_dirt":2,"minecraft:crafting_table":3,"born_in_chaos_v1:smoked_monster_flesh":2,"minecraft:nether_wart":2,"minecraft:clay_ball":4,"born_in_chaos_v1:seedof_chaos":14,"minecraft:leather_leggings":1,"gamma_beasts:cooked_meat":6,"born_in_chaos_v1:fired_black_argillite":3,"minecraft:cornflower":1,"minecraft:beef":52,"vinery:cherry":39,"minecraft:iron_nugget":21,"minecraft:poppy":1,"minecraft:spruce_slab":2,"minecraft:chest":7,"ironchest:dirt_chest":1,"minecraft:egg":3,"minecraft:raw_gold_block":2,"ironchest:iron_chest":1,"farmersdelight:tomato_seeds":11,"minecraft:mangrove_sign":2,"born_in_chaos_v1:pieceofdarkmetal":13,"minecraft:carrot":33,"minecraft:redstone":74,"minecraft:mangrove_trapdoor":1,"jeg:healing_talisman":8,"minecraft:cooked_cod":1,"minecraft:decorated_pot":8,"supplementaries:sconce":9,"minecraft:hay_block":2,"minecraft:gold_ingot":75,"minecraft:mutton":17,"minecraft:white_wool":18,"minecraft:stripped_oak_log":1,"born_in_chaos_v1:black_argillite_column_slab":1,"born_in_chaos_v1:monster_flesh":2,"minecraft:tripwire_hook":1,"beachparty:raw_mussel_meat":8,"minecraft:red_mushroom":57,"minecraft:filled_map":1,"minecraft:oak_log":1,"scalinghealth:bandages":27,"minecraft:white_banner":1,"farmersdelight:organic_compost":6,"minecraft:apple":181,"minecraft:stone_bricks":1,"minecraft:kelp":55,"gamma_beasts:meat":3,"minecraft:stone_pickaxe":3,"endrem:cold_eye":5,"candlelight:tomato":3,"scalinghealth:power_crystal_shard":26,"jeg:double_barrel_shotgun":1,"minecraft:mangrove_planks":1,"minecraft:iron_sword":2,"minecraft:polished_andesite_stairs":1,"minecraft:smooth_basalt":35,"meds_and_herbs:seeds_vinca":1,"minecraft:sweet_berries":113,"vinery:taiga_grape_seeds_red":8,"born_in_chaos_v1:orbofthe_summoner":4,"born_in_chaos_v1:ethereal_spirit":12,"minecraft:gravel":32,"minecraft:spruce_sapling":3,"minecraft:spruce_log":20,"jeg:handmade_shell":15,"minecraft:purple_bed":3,"tetra:geode":1,"jeg:ectoplasm":5,"rpgsmw:crossbow_bolt_model":1,"gamma_beasts:thin_spruce_log":5,"minecraft:baked_potato":25,"minecraft:melon_seeds":3,"minecraft:chiseled_deepslate":14,"minecraft:wheat":52,"beachparty:rubber_ring_axolotl":3,"gamma_beasts:fur":9,"beachparty:palm_tall_torch":3,"minecraft:potion":2,"born_in_chaos_v1:bloody_gadfly_eye":4,"minecraft:raw_copper":200,"minecraft:smooth_stone_slab":66,"jeg:revolver":1,"minecraft:deepslate_tiles":286,"minecraft:bucket":1,"meds_and_herbs:plantago_leaves":64,"minecraft:redstone_torch":1,"minecraft:wooden_shovel":2,"minecraft:smooth_quartz":5,"minecraft:iron_pickaxe":1,"minecraft:deepslate_tile_wall":28,"born_in_chaos_v1:stimulating_decoction":1,"farmersdelight:cabbage_seeds":3,"vinery:jungle_grape_seeds_white":2,"vinery:dark_cherry_planks":188,"minecraft:iron_boots":3,"minecraft:furnace":1,"minecraft:tipped_arrow":4,"minecraft:stick":812,"jeg:pistol_ammo":25,"minecraft:torch":28,"minecraft:spruce_stairs":1,"minecraft:porkchop":12,"minecraft:pointed_dripstone":3,"born_in_chaos_v1:nightmare_claw":6,"minecraft:cactus":13,"minecraft:rotten_flesh":199,"born_in_chaos_v1:sea_terror_eye":2,"supplementaries:antique_ink":3,"minecraft:mangrove_roots":2,"rpgsmw:edmantium":2,"vinery:apple_log":600,"minecraft:cod":2,"minecraft:cobblestone":454,"minecraft:enchanting_table":1,"minecraft:leather_chestplate":1,"minecraft:cherry_planks":114,"minecraft:andesite":1,"minecraft:black_bed":20,"minecraft:chiseled_quartz_block":2,"born_in_chaos_v1:mint_ice_cream":3,"gamma_beasts:prehnite":13,"minecraft:potato":3,"minecraft:tuff":2,"create:raw_zinc":85,"gamma_beasts:oak_leaf":86,"supplementaries:flax_seeds":8,"minecraft:lapis_lazuli":120,"skilltree:gem":101,"minecraft:dirt":4979,"brewery:hops_seeds":10,"born_in_chaos_v1:monster_skin":11,"minecraft:leather_boots":1,"minecraft:bone":99,"farmersdelight:sweet_berry_cookie":40,"minecraft:bow":1,"minecraft:wheat_seeds":225,"minecraft:raw_gold":15,"minecraft:bamboo":26,"minecraft:cooked_porkchop":38,"vinery:dark_cherry_sapling":31,"minecraft:sand":516,"minecraft:mossy_cobblestone":5,"beachparty:cooked_mussel_meat":8,"minecraft:light_gray_concrete":2,"minecraft:diamond":7,"minecraft:bone_meal":2,"scalinghealth:cursed_heart":1,"minecraft:spruce_sign":1,"minecraft:emerald":25,"minecraft:netherrack":1,"minecraft:fishing_rod":1,"minecraft:chicken":6,"born_in_chaos_v1:river_mint":13,"minecraft:brown_mushroom":33,"minecraft:gold_block":1,"minecraft:cooked_rabbit":3,"faded_conquest_2:summon_blocknight":7,"minecraft:brick":12,"minecraft:chain":1,"minecraft:shield":1,"minecraft:iron_axe":1,"minecraft:item_frame":1,"beachparty:seashell":10,"minecraft:cyan_carpet":2,"minecraft:blackstone":1,"vinery:apple_tree_sapling":342,"scalinghealth:chance_heart":3,"farmersdelight:straw":134,"minecraft:player_head":2,"minecraft:sugar_cane":39,"crittersandcompanions:clam":16,"minecraft:raw_iron":215,"minecraft:stripped_mangrove_wood":1,"minecraft:bowl":6,"meds_and_herbs:sweet_clover_flowers":6,"minecraft:arrow":45,"crittersandcompanions:silk":25,"minecraft:glistering_melon_slice":12,"born_in_chaos_v1:fused_bone":6,"born_in_chaos_v1:corpse_maggot":54,"farmersdelight:rich_soil":51,"meds_and_herbs:bark_cherry":279,"minecraft:salmon":6,"minecraft:leather":21,"minecraft:crimson_fungus":1,"gamma_beasts:green_apple":63,"minecraft:gunpowder":20,"scalinghealth:heart_crystal":20,"minecraft:deepslate_tile_slab":150,"minecraft:cooked_mutton":36,"minecraft:rabbit_hide":10,"candlelight:rose":3,"minecraft:iron_ingot":128,"minecraft:cooked_chicken":9,"jeg:tech_trash":24,"endrem:black_eye":1,"bakery:strawberry":1,"scalinghealth:heart_crystal_shard":33,"minecraft:warped_fungus":3,"minecraft:black_candle":1,"minecraft:emerald_block":28,"born_in_chaos_v1:lifestealer_bone":6,"minecraft:dripstone_block":2,"born_in_chaos_v1:dark_rod":2,"gamma_beasts:blackberry":33,"minecraft:spider_eye":48,"gamma_beasts:spruce_leaf":18,"meds_and_herbs:vinca_leaves":2,"minecraft:cherry_sapling":470,"minecraft:dark_oak_wood":6,"minecraft:coal":438},"minecraft:mined":{"minecraft:dark_oak_planks":1,"born_in_chaos_v1:cultivated_pumpkin":4,"minecraft:cherry_log":205,"minecraft:potted_crimson_fungus":1,"faded_conquest_2:toxic_lantern":1,"vinery:taiga_grape_bush_red":3,"minecraft:coal_block":10,"supplementaries:sconce_wall":7,"minecraft:spawner":14,"minecraft:tall_seagrass":1,"minecraft:magma_block":1,"minecraft:fire":6,"minecraft:cobbled_deepslate":3,"minecraft:deepslate_lapis_ore":12,"minecraft:enchanting_table":1,"minecraft:light_gray_concrete":2,"minecraft:iron_block":2,"beachparty:palm_torch":1,"minecraft:tripwire":3,"minecraft:brown_mushroom":2,"brewery:wild_hops":4,"beachparty:palm_wall_torch":1,"minecraft:smoker":1,"minecraft:crimson_nylium":1,"scalinghealth:deepslate_heart_crystal_ore":9,"minecraft:torch":8,"minecraft:dark_oak_wood":3,"minecraft:melon":4,"minecraft:dead_bush":1,"gamma_beasts:thin_spruce_log":1,"minecraft:sugar_cane":21,"minecraft:chain":1,"minecraft:black_bed":19,"born_in_chaos_v1:black_argillite_brick":1,"minecraft:potted_poppy":1,"minecraft:grass":1081,"minecraft:smooth_quartz":5,"minecraft:mangrove_log":3,"minecraft:smooth_basalt":5,"minecraft:deepslate":162,"minecraft:suspicious_gravel":1,"minecraft:deepslate_tiles":44,"create:zinc_ore":30,"minecraft:mossy_cobblestone":4,"tetra:block_geode":1,"vinery:dark_cherry_planks":164,"minecraft:crimson_roots":1,"minecraft:redstone_wire":1,"minecraft:black_stained_glass_pane":1,"minecraft:snow":1,"minecraft:andesite":1,"ironchest:iron_chest":1,"minecraft:white_wool":1,"jeg:scrap_ore":53,"minecraft:cornflower":1,"minecraft:emerald_ore":1,"candlelight:wild_tomatoes":3,"minecraft:tall_grass":80,"minecraft:copper_ore":53,"farmersdelight:wild_tomatoes":10,"minecraft:deepslate_gold_ore":13,"supplementaries:sconce":2,"jeg:deepslate_scrap_ore":46,"minecraft:purple_bed":1,"minecraft:spruce_log":2,"minecraft:birch_leaves":2,"minecraft:mangrove_leaves":2,"faded_conquest_2:terrible_tensummon":1,"minecraft:dripstone_block":2,"minecraft:gravel":15,"minecraft:cobweb":60,"minecraft:stone_bricks":2,"minecraft:gold_ore":1,"minecraft:fern":12,"create:deepslate_zinc_ore":34,"minecraft:spruce_planks":10,"gamma_beasts:roble_hoja_1":1,"farmersdelight:rich_soil":51,"vinery:dark_cherry_leaves":13,"minecraft:cobblestone_stairs":1,"minecraft:grass_block":2105,"vinery:apple_log":190,"beachparty:seashell_block":9,"supplementaries:ash":285,"minecraft:iron_ore":84,"born_in_chaos_v1:black_argillite_brick_stairs":6,"minecraft:potted_red_mushroom":2,"minecraft:pointed_dripstone":3,"minecraft:spruce_slab":4,"meds_and_herbs:wild_vinca":1,"minecraft:deepslate_redstone_ore":16,"farmersdelight:organic_compost":6,"minecraft:blackstone":1,"amendments:tool_hook":1,"minecraft:chiseled_quartz_block":2,"minecraft:chest":5,"farmersdelight:brown_mushroom_colony":8,"supplementaries:wild_flax":1,"born_in_chaos_v1:black_argillite_column_slab":1,"minecraft:cobblestone":60,"minecraft:wall_torch":5,"ironchest:dirt_chest":1,"born_in_chaos_v1:fired_black_argillite":3,"born_in_chaos_v1:river_mint":5,"minecraft:smooth_stone_slab":60,"minecraft:sand":136,"minecraft:dirt":2597,"vinery:apple_leaves":714,"create:crimsite":2,"minecraft:oak_leaves":1,"minecraft:deepslate_diamond_ore":3,"meds_and_herbs:plantago":27,"minecraft:mangrove_roots":1,"minecraft:decorated_pot":13,"create:ochrum":7,"minecraft:birch_slab":1,"minecraft:spruce_leaves":14,"farmersdelight:red_mushroom_colony":11,"minecraft:large_fern":7,"minecraft:furnace":1,"minecraft:raw_gold_block":2,"gamma_beasts:prehnite_ore":8,"minecraft:chiseled_deepslate":4,"treechop:chopped_log":907,"minecraft:gold_block":1,"minecraft:deepslate_iron_ore":38,"minecraft:lantern":1,"crittersandcompanions:silk_cocoon":3,"minecraft:stripped_oak_log":1,"minecraft:stone":219,"gamma_beasts:abeto_hoja":9,"born_in_chaos_v1:marigolds":8,"vinery:dark_cherry_log":9,"minecraft:crafting_table":3,"gamma_beasts:abeto_hoja_1":17,"bakery:wild_strawberries":1,"minecraft:deepslate_coal_ore":27,"minecraft:lapis_ore":7,"supplementaries:urn":14,"gamma_beasts:abedul_hojas":1,"rpgsmw:mineral_ore":2,"minecraft:redstone_torch":1,"minecraft:sweet_berry_bush":48,"minecraft:ice":23,"minecraft:mangrove_planks":1,"gamma_beasts:thin_oak_log":6,"minecraft:coal_ore":215,"vinery:jungle_grape_bush_white":1,"minecraft:cherry_leaves":148,"minecraft:cyan_carpet":1,"beachparty:palm_tall_torch":5},"minecraft:broken":{"minecraft:golden_boots":1,"minecraft:iron_boots":3,"minecraft:golden_sword":1,"minecraft:wooden_sword":1,"minecraft:iron_sword":2,"minecraft:leather_helmet":2,"rpgsmw:steel_assassin_armour_leggings":1,"minecraft:stone_sword":1,"minecraft:chainmail_helmet":1,"minecraft:wooden_pickaxe":1,"minecraft:iron_axe":2,"minecraft:iron_pickaxe":1,"minecraft:iron_helmet":2,"gamma_beasts:prehnite_axe":5,"minecraft:iron_shovel":2,"rpgsmw:stone_knife":1,"minecraft:leather_leggings":1,"rpgsmw:steel_assassin_armour_chestplate":1,"minecraft:golden_leggings":2,"minecraft:stone_pickaxe":3,"gamma_beasts:prehnite_sword":1,"minecraft:stone_axe":2,"minecraft:stone_shovel":24,"rpgsmw:copper_sickle":2,"gamma_beasts:prehnite_shovel":4,"minecraft:flint_and_steel":5,"gamma_beasts:prehnite_pickaxe":1,"minecraft:leather_chestplate":6,"rpgsmw:steel_assassin_armour_helmet":1,"minecraft:diamond_axe":1,"rpgsmw:steel_assassin_armour_boots":1,"minecraft:leather_boots":2,"rpgsmw:iron_sickle":1},"minecraft:killed":{"minecraft:cave_spider":6,"born_in_chaos_v1:zombie_lumberjack":2,"born_in_chaos_v1:restless_spirit":1,"minecraft:dolphin":1,"born_in_chaos_v1:siamese_skeletonsright":1,"born_in_chaos_v1:baby_skeleton_minion":4,"minecraft:skeleton":32,"minecraft:chicken":6,"born_in_chaos_v1:supreme_bonescaller_stage_2":1,"jeg:ghoul":5,"minecraft:magma_cube":7,"minecraft:salmon":7,"minecraft:pillager":7,"minecraft:zombie":86,"born_in_chaos_v1:door_knight":1,"minecraft:cow":20,"faded_conquest_2:blocknight_paladin":3,"minecraft:horse":1,"born_in_chaos_v1:barrel_zombie":1,"born_in_chaos_v1:spiritof_chaos":1,"minecraft:husk":7,"born_in_chaos_v1:bone_imp_minion":9,"minecraft:rabbit":1,"born_in_chaos_v1:decrepit_skeleton":3,"born_in_chaos_v1:bloody_gadfly":1,"minecraft:witch":1,"minecraft:spider":15,"faded_conquest_2:toxicrow":3,"born_in_chaos_v1:scarlet_persecutor":4,"minecraft:piglin_brute":12,"minecraft:piglin":4,"minecraft:pig":5,"minecraft:creeper":5,"minecraft:sheep":9,"alexsmobs:terrapin":4,"minecraft:stray":3,"alexsmobs:fly":1,"born_in_chaos_v1:siamese_skeletonsleft":1,"minecraft:vex":4,"born_in_chaos_v1:maggot":45,"alexsmobs:bison":1,"minecraft:drowned":10,"born_in_chaos_v1:corpse_fish":8,"faded_conquest_2:the_plauge_bringer":1,"born_in_chaos_v1:baby_skeleton":2,"minecraft:bat":2,"minecraft:squid":1,"gamma_beasts:diamond_golem_a":1,"gamma_beasts:careyatros_c":1,"born_in_chaos_v1:bonescaller_not_despawn":2,"born_in_chaos_v1:nightmare_stalker":2},"minecraft:killed_by":{"minecraft:player":4},"minecraft:crafted":{"minecraft:black_dye":1,"rpgsmw:blue_fabric":28,"minecraft:smooth_stone":0,"minecraft:lever":2,"minecraft:glass":320,"scalinghealth:power_crystal":2,"minecraft:emerald":15,"vinery:dark_cherry_planks":164,"skilltree:gem":8,"minecraft:copper_ingot":280,"farmersdelight:organic_compost":63,"minecraft:gold_ingot":65,"minecraft:stone_shovel":23,"minecraft:iron_nugget":819,"minecraft:bone_meal":252,"minecraft:lantern":74,"supplementaries:sconce":52,"minecraft:dark_oak_planks":16,"minecraft:wheat":18,"gamma_beasts:prehnite_axe":3,"rpgsmw:steel":104,"sophisticatedbackpacks:gold_backpack":1,"minecraft:oak_planks":186,"minecraft:cooked_chicken":3,"minecraft:stone":0,"rpgsmw:steelnugget":18,"rpgsmw:default_crossbow_bolt":56,"minecraft:chest":6,"rpgsmw:woodenfiber":10,"rpgsmw:steel_assassin_armour_leggings":1,"minecraft:spruce_planks":70,"minecraft:stick":76,"minecraft:iron_ingot":279,"minecraft:cherry_planks":4,"minecraft:coal":90,"minecraft:raw_iron":18,"minecraft:blast_furnace":1,"ironchest:dirt_chest":1,"gamma_beasts:prehnite_shovel":2,"minecraft:flint_and_steel":4,"sophisticatedbackpacks:iron_backpack":1,"minecraft:cooked_beef":0,"minecraft:cooked_cod":0,"minecraft:cooked_salmon":0,"scalinghealth:heart_crystal":4,"farmersdelight:sweet_berry_cookie":72,"minecraft:air":0,"minecraft:bread":1,"minecraft:blue_dye":7,"minecraft:white_wool":4,"minecraft:raw_gold":9,"minecraft:blue_wool":12,"minecraft:torch":328,"ironchest:iron_chest":4}},"DataVersion":3465}