{"stats":{"minecraft:killed_by":{"minecraft:player":2},"minecraft:crafted":{"minecraft:black_dye":1,"rpgsmw:blue_fabric":18,"minecraft:oak_planks":186,"minecraft:smooth_stone":0,"minecraft:cooked_chicken":3,"minecraft:stone":0,"minecraft:lever":2,"rpgsmw:steelnugget":9,"rpgsmw:default_crossbow_bolt":56,"minecraft:chest":4,"rpgsmw:woodenfiber":7,"scalinghealth:power_crystal":2,"rpgsmw:steel_assassin_armour_leggings":1,"minecraft:emerald":15,"vinery:dark_cherry_planks":76,"minecraft:spruce_planks":70,"skilltree:gem":8,"minecraft:copper_ingot":280,"farmersdelight:organic_compost":20,"minecraft:stick":76,"minecraft:iron_ingot":252,"minecraft:gold_ingot":38,"minecraft:coal":27,"minecraft:stone_shovel":23,"minecraft:blast_furnace":1,"minecraft:bone_meal":75,"gamma_beasts:prehnite_shovel":2,"minecraft:flint_and_steel":4,"minecraft:dark_oak_planks":16,"minecraft:wheat":18,"sophisticatedbackpacks:iron_backpack":1,"minecraft:cooked_beef":0,"minecraft:cooked_cod":0,"gamma_beasts:prehnite_axe":3,"rpgsmw:steel":50,"minecraft:cooked_salmon":0,"sophisticatedbackpacks:gold_backpack":1,"scalinghealth:heart_crystal":2,"minecraft:air":0,"farmersdelight:sweet_berry_cookie":72,"minecraft:bread":1,"minecraft:blue_dye":7,"minecraft:white_wool":4,"minecraft:blue_wool":9,"minecraft:torch":188,"ironchest:iron_chest":4},"minecraft:broken":{"gamma_beasts:prehnite_axe":5,"minecraft:iron_shovel":2,"rpgsmw:stone_knife":1,"minecraft:golden_boots":1,"minecraft:leather_leggings":1,"minecraft:iron_boots":3,"minecraft:golden_leggings":2,"minecraft:stone_pickaxe":3,"minecraft:wooden_sword":1,"minecraft:stone_axe":1,"minecraft:iron_sword":1,"minecraft:stone_shovel":24,"minecraft:leather_helmet":1,"minecraft:stone_sword":1,"rpgsmw:copper_sickle":2,"gamma_beasts:prehnite_shovel":4,"minecraft:flint_and_steel":5,"minecraft:chainmail_helmet":1,"gamma_beasts:prehnite_pickaxe":1,"minecraft:leather_chestplate":6,"minecraft:wooden_pickaxe":1,"minecraft:iron_axe":1,"minecraft:leather_boots":1,"minecraft:iron_pickaxe":1,"minecraft:iron_helmet":2,"rpgsmw:iron_sickle":1},"minecraft:picked_up":{"minecraft:chiseled_deepslate":14,"rpgsmw:iron_sickle":1,"gamma_beasts:thin_oak_log":28,"beachparty:rubber_ring_axolotl":3,"minecraft:flower_pot":2,"minecraft:enchanted_book":1,"minecraft:potion":1,"minecraft:string":35,"minecraft:raw_copper":200,"minecraft:cooked_salmon":3,"minecraft:red_nether_bricks":1,"minecraft:smooth_stone_slab":66,"jeg:revolver":1,"minecraft:deepslate_tile_wall":28,"minecraft:deepslate_tiles":222,"minecraft:gold_nugget":88,"minecraft:cobbled_deepslate":263,"minecraft:coal_block":3,"minecraft:spruce_planks":33,"rpgsmw:rawmiphrilignot":8,"meds_and_herbs:plantago_leaves":32,"minecraft:iron_pickaxe":1,"born_in_chaos_v1:stimulating_decoction":1,"minecraft:melon_slice":22,"vinery:dark_cherry_planks":25,"minecraft:mangrove_log":3,"vinery:jungle_grape_seeds_white":2,"minecraft:iron_boots":2,"minecraft:furnace":1,"minecraft:stick":216,"born_in_chaos_v1:shattered_skull":5,"jeg:pistol_ammo":15,"minecraft:torch":14,"minecraft:spruce_stairs":1,"minecraft:porkchop":12,"minecraft:cherry_log":10,"minecraft:pointed_dripstone":3,"born_in_chaos_v1:black_argillite_brick_stairs":6,"born_in_chaos_v1:nightmare_claw":1,"minecraft:deepslate_tile_stairs":36,"born_in_chaos_v1:fried_maggot":7,"minecraft:stone_sword":2,"minecraft:rotten_flesh":159,"minecraft:vex_armor_trim_smithing_template":2,"create:ochrum":7,"supplementaries:antique_ink":3,"minecraft:iron_block":2,"gamma_beasts:coal_nugget":94,"minecraft:mangrove_roots":2,"born_in_chaos_v1:cultivated_pumpkin":4,"supplementaries:ash":836,"rpgsmw:edmantium":2,"minecraft:cod":2,"vinery:dark_cherry_log":60,"vinery:apple_log":439,"minecraft:snowball":1,"alexsmobs:flying_fish":1,"minecraft:cobblestone":327,"gamma_beasts:pear":3,"minecraft:leather_chestplate":1,"minecraft:feather":7,"minecraft:cooked_beef":15,"minecraft:cherry_planks":33,"born_in_chaos_v1:spiritual_dust":10,"minecraft:black_bed":14,"gamma_beasts:prehnite":13,"born_in_chaos_v1:mint_ice_cream":3,"minecraft:potato":3,"minecraft:flint":2,"minecraft:tuff":2,"create:raw_zinc":64,"minecraft:cherry_fence":1,"gamma_beasts:oak_leaf":75,"supplementaries:flax_seeds":7,"jeg:scrap":179,"skilltree:gem":96,"minecraft:lapis_lazuli":118,"farmersdelight:tomato":5,"minecraft:dirt":4709,"brewery:hops_seeds":10,"born_in_chaos_v1:monster_skin":6,"born_in_chaos_v1:marigolds":2,"minecraft:bone":49,"minecraft:bow":1,"minecraft:wheat_seeds":165,"farmersdelight:sweet_berry_cookie":40,"minecraft:raw_gold":15,"minecraft:rabbit":1,"minecraft:bamboo":26,"minecraft:cooked_porkchop":13,"vinery:dark_cherry_sapling":31,"minecraft:sand":138,"minecraft:ink_sac":2,"minecraft:mossy_cobblestone":5,"minecraft:bundle":1,"gamma_beasts:thin_jungle_log":3,"create:crimsite":2,"minecraft:diamond":5,"jeg:repair_kit":1,"minecraft:bone_meal":2,"scalinghealth:cursed_heart":1,"minecraft:emerald":2,"alexsmobs:maggot":4,"minecraft:cherry_slab":19,"minecraft:netherrack":1,"born_in_chaos_v1:rotten_fish":6,"minecraft:crimson_roots":1,"jeg:makeshift_stock":2,"minecraft:crafting_table":3,"minecraft:coarse_dirt":2,"minecraft:chicken":5,"born_in_chaos_v1:smoked_monster_flesh":2,"born_in_chaos_v1:river_mint":12,"born_in_chaos_v1:seedof_chaos":13,"minecraft:leather_leggings":1,"minecraft:cooked_rabbit":3,"born_in_chaos_v1:fired_black_argillite":3,"minecraft:chain":1,"minecraft:brick":12,"minecraft:shield":1,"minecraft:cornflower":1,"minecraft:iron_axe":1,"minecraft:item_frame":1,"minecraft:blackstone":1,"minecraft:cyan_carpet":2,"vinery:apple_tree_sapling":342,"minecraft:beef":32,"farmersdelight:straw":42,"vinery:cherry":39,"minecraft:iron_nugget":21,"minecraft:poppy":1,"minecraft:sugar_cane":5,"minecraft:chest":7,"crittersandcompanions:clam":2,"minecraft:egg":2,"minecraft:raw_iron":215,"minecraft:stripped_mangrove_wood":1,"ironchest:iron_chest":1,"farmersdelight:tomato_seeds":9,"minecraft:mangrove_sign":2,"born_in_chaos_v1:pieceofdarkmetal":9,"minecraft:carrot":7,"minecraft:redstone":73,"minecraft:mangrove_trapdoor":1,"minecraft:arrow":35,"minecraft:decorated_pot":8,"minecraft:hay_block":2,"crittersandcompanions:silk":4,"minecraft:gold_ingot":75,"minecraft:mutton":17,"minecraft:white_wool":15,"born_in_chaos_v1:fused_bone":6,"minecraft:stripped_oak_log":1,"farmersdelight:rich_soil":11,"born_in_chaos_v1:corpse_maggot":33,"born_in_chaos_v1:black_argillite_column_slab":1,"meds_and_herbs:bark_cherry":279,"born_in_chaos_v1:monster_flesh":2,"minecraft:tripwire_hook":1,"minecraft:salmon":3,"minecraft:leather":16,"minecraft:red_mushroom":4,"minecraft:crimson_fungus":1,"minecraft:oak_log":1,"gamma_beasts:green_apple":63,"scalinghealth:bandages":8,"minecraft:gunpowder":8,"scalinghealth:heart_crystal":13,"minecraft:deepslate_tile_slab":86,"minecraft:white_banner":1,"farmersdelight:organic_compost":2,"minecraft:cooked_mutton":21,"minecraft:apple":179,"minecraft:kelp":17,"candlelight:rose":3,"minecraft:rabbit_hide":4,"minecraft:iron_ingot":124,"minecraft:stone_pickaxe":3,"minecraft:cooked_chicken":4,"scalinghealth:power_crystal_shard":26,"candlelight:tomato":3,"jeg:double_barrel_shotgun":1,"minecraft:mangrove_planks":1,"minecraft:iron_sword":2,"jeg:tech_trash":23,"minecraft:black_candle":1,"bakery:strawberry":1,"minecraft:polished_andesite_stairs":1,"minecraft:warped_fungus":3,"scalinghealth:heart_crystal_shard":16,"minecraft:smooth_basalt":9,"meds_and_herbs:seeds_vinca":1,"minecraft:sweet_berries":113,"vinery:taiga_grape_seeds_red":8,"born_in_chaos_v1:lifestealer_bone":3,"born_in_chaos_v1:orbofthe_summoner":2,"born_in_chaos_v1:ethereal_spirit":7,"minecraft:dripstone_block":2,"minecraft:gravel":13,"born_in_chaos_v1:dark_rod":2,"minecraft:spruce_sapling":3,"minecraft:spruce_log":19,"gamma_beasts:blackberry":33,"minecraft:spider_eye":11,"gamma_beasts:spruce_leaf":18,"jeg:handmade_shell":5,"rpgsmw:crossbow_bolt_model":1,"minecraft:purple_bed":3,"tetra:geode":1,"meds_and_herbs:vinca_leaves":2,"minecraft:cherry_sapling":6,"gamma_beasts:thin_spruce_log":5,"minecraft:baked_potato":25,"minecraft:melon_seeds":3,"minecraft:dark_oak_wood":6,"minecraft:coal":325},"minecraft:custom":{"minecraft:animals_bred":1,"minecraft:interact_with_crafting_table":106,"minecraft:open_barrel":87,"minecraft:eat_cake_slice":22,"minecraft:leave_game":14,"minecraft:time_since_death":398860,"minecraft:damage_resisted":1420,"minecraft:sprint_one_cm":3838962,"minecraft:drop":410,"minecraft:talked_to_villager":16,"minecraft:play_time":1042519,"minecraft:deaths":18,"minecraft:jump":6971,"minecraft:walk_on_water_one_cm":171371,"minecraft:interact_with_furnace":76,"minecraft:traded_with_villager":6,"minecraft:sleep_in_bed":58,"minecraft:damage_dealt":59638,"minecraft:crouch_one_cm":242689,"minecraft:inspect_dispenser":1,"minecraft:interact_with_smithing_table":1,"minecraft:mob_kills":274,"minecraft:interact_with_campfire":98,"minecraft:damage_dealt_resisted":2157,"minecraft:climb_one_cm":26050,"minecraft:walk_one_cm":2957606,"minecraft:damage_dealt_absorbed":57,"minecraft:sneak_time":58990,"minecraft:walk_under_water_one_cm":51909,"minecraft:interact_with_blast_furnace":134,"minecraft:total_world_time":1042519,"minecraft:interact_with_stonecutter":3,"minecraft:time_since_rest":11892,"minecraft:damage_taken":29566,"minecraft:swim_one_cm":195674,"minecraft:fly_one_cm":2748673,"minecraft:open_chest":771,"minecraft:fall_one_cm":95581},"minecraft:dropped":{"minecraft:iron_sword":2,"minecraft:stripped_mangrove_wood":1,"minecraft:warped_fungus":3,"minecraft:baked_potato":10,"rpgsmw:steel_paladin_armour_boots":1,"minecraft:decorated_pot":2,"minecraft:cooked_porkchop":2,"rpgsmw:steel_paladin_armour_chestplate":1,"rpgsmw:woodenfiber":2,"minecraft:mangrove_planks":1,"minecraft:item_frame":1,"minecraft:emerald":6,"sophisticatedbackpacks:gold_backpack":1,"minecraft:dirt":3239,"gamma_beasts:thin_jungle_log":3,"minecraft:cornflower":2,"alexsmobs:flying_fish":1,"farmersdelight:sweet_berry_cookie":72,"minecraft:snowball":1,"minecraft:sand":2,"minecraft:white_wool":5,"minecraft:gold_ingot":58,"minecraft:bone":7,"minecraft:cyan_carpet":3,"minecraft:gravel":11,"minecraft:crimson_fungus":1,"minecraft:blackstone":1,"minecraft:sugar_cane":1,"minecraft:mangrove_roots":2,"vinery:taiga_grape_seeds_red":4,"minecraft:cobbled_deepslate":1,"minecraft:cherry_sapling":5,"minecraft:rotten_flesh":139,"born_in_chaos_v1:smoked_flesh":9,"minecraft:mangrove_sign":1,"minecraft:mangrove_fence":1,"beachparty:rubber_ring_axolotl":1,"minecraft:poppy":1,"minecraft:rabbit_hide":3,"minecraft:leather_chestplate":1,"supplementaries:flax_seeds":2,"minecraft:gunpowder":39,"born_in_chaos_v1:corpse_maggot":23,"minecraft:leather_leggings":1,"minecraft:red_nether_bricks":1,"minecraft:arrow":5,"minecraft:cherry_fence":1,"minecraft:bread":9,"minecraft:iron_ingot":48,"born_in_chaos_v1:scorched_planks_fence":3,"born_in_chaos_v1:shattered_skull":1,"minecraft:wheat_seeds":148,"gamma_beasts:oak_leaf":11,"minecraft:mangrove_trapdoor":1,"gamma_beasts:coal_nugget":25,"vinery:dark_cherry_planks":40,"minecraft:mossy_cobblestone":4,"scalinghealth:cursed_heart":1,"minecraft:dripstone_block":1,"minecraft:poisonous_potato":4,"minecraft:cobblestone":53,"rpgsmw:steel_paladin_armour_leggings":1,"minecraft:spruce_stairs":1,"minecraft:coal":9,"rpgsmw:steel_paladin_armour_helmet":1,"vinery:apple_log":22,"minecraft:torch":15,"skilltree:gem":1,"born_in_chaos_v1:fused_bone":4,"minecraft:cooked_salmon":1,"minecraft:potion":2,"minecraft:white_banner":1,"minecraft:iron_axe":1,"minecraft:string":4,"vinery:cherry":6,"minecraft:spruce_sapling":10,"minecraft:smooth_basalt":9,"minecraft:sweet_berries":51,"alexsmobs:maggot":4,"minecraft:coarse_dirt":2,"minecraft:stone_sword":2,"minecraft:smooth_stone_slab":39,"minecraft:tuff":3,"born_in_chaos_v1:rotten_fish":8,"born_in_chaos_v1:smoked_monster_flesh":1,"rpgsmw:crossbow_bolt_model":1,"gamma_beasts:blackberry":3,"gamma_beasts:green_apple":31,"minecraft:spruce_planks":40,"vinery:apple_tree_sapling":245,"minecraft:purple_bed":2,"rpgsmw:copper_spear":1,"minecraft:spider_eye":11,"rpgsmw:steel_greatsword":1,"brewery:hops_seeds":10,"minecraft:stone_pickaxe":3,"minecraft:bow":1},"minecraft:used":{"minecraft:beetroot":4,"minecraft:cherry_sapling":10,"minecraft:iron_shovel":504,"minecraft:chiseled_deepslate":30,"minecraft:decorated_pot":6,"minecraft:chest":10,"minecraft:iron_sword":248,"rpgsmw:iron_sickle":348,"minecraft:carrot":12,"gamma_beasts:prehnite_pickaxe":270,"ironchest:iron_chest":7,"vinery:dark_cherry_sapling":9,"minecraft:milk_bucket":2,"farmersdelight:sweet_berry_cookie":40,"born_in_chaos_v1:corpse_maggot":1,"born_in_chaos_v1:smoked_flesh":18,"gamma_beasts:pear":3,"minecraft:dark_oak_wood":2,"minecraft:crimson_roots":1,"vinery:dark_cherry_planks":1,"born_in_chaos_v1:fired_black_argillite":3,"minecraft:sweet_berries":69,"minecraft:furnace":2,"minecraft:cooked_cod":5,"minecraft:potato":3,"minecraft:golden_boots":1,"minecraft:stone_pickaxe":512,"create:crimsite":2,"minecraft:wooden_pickaxe":59,"minecraft:sugar_cane":2,"minecraft:diamond_axe":4,"farmersdelight:organic_compost":23,"minecraft:sand":2,"gamma_beasts:prehnite_axe":1357,"minecraft:mushroom_stew":5,"minecraft:blast_furnace":1,"tetra:modular_double":1,"minecraft:black_bed":14,"minecraft:dripstone_block":1,"gamma_beasts:blackberry":30,"minecraft:deepslate_tiles":6,"minecraft:bread":52,"minecraft:melon_slice":22,"born_in_chaos_v1:marigolds":2,"born_in_chaos_v1:smoked_monster_flesh":1,"minecraft:gravel":6,"minecraft:wooden_sword":58,"minecraft:chain":1,"minecraft:cooked_rabbit":1,"minecraft:bone_meal":6,"minecraft:experience_bottle":2,"farmersdelight:diamond_knife":244,"minecraft:stone_sword":194,"minecraft:flint_and_steel":320,"minecraft:stone_shovel":3276,"minecraft:redstone":1,"minecraft:spruce_planks":18,"gamma_beasts:green_apple":32,"born_in_chaos_v1:fried_maggot":7,"minecraft:cooked_salmon":5,"minecraft:cooked_chicken":3,"minecraft:netherrack":1,"minecraft:torch":178,"create:ochrum":7,"minecraft:dirt":1978,"scalinghealth:heart_crystal":15,"born_in_chaos_v1:black_argillite_column_slab":1,"minecraft:iron_axe":257,"scalinghealth:power_crystal":2,"jeg:double_barrel_shotgun":5,"minecraft:tripwire_hook":1,"minecraft:cooked_beef":22,"minecraft:cobbled_deepslate":4,"minecraft:cherry_log":3,"minecraft:pointed_dripstone":3,"minecraft:cooked_mutton":14,"born_in_chaos_v1:mint_ice_cream":3,"minecraft:water_bucket":2,"minecraft:red_nether_bricks":1,"minecraft:baked_potato":15,"gamma_beasts:prehnite_sword":249,"rpgsmw:stone_knife":143,"born_in_chaos_v1:black_argillite_brick_stairs":6,"minecraft:mossy_cobblestone":1,"minecraft:red_mushroom":4,"minecraft:crafting_table":5,"minecraft:campfire":3,"bakery:strawberry":1,"gamma_beasts:prehnite_shovel":1090,"minecraft:cake":6,"minecraft:spruce_log":1,"minecraft:flower_pot":1,"minecraft:apple":219,"rpgsmw:copper_sickle":281,"minecraft:iron_pickaxe":320,"minecraft:golden_leggings":1,"jeg:scrap_workbench":1,"minecraft:stone_axe":135,"minecraft:cobblestone":339,"minecraft:purple_bed":1,"vinery:cherry":38,"minecraft:cooked_porkchop":2,"minecraft:bucket":3,"minecraft:black_candle":1,"minecraft:pumpkin_pie":2,"alexsmobs:animal_dictionary":1,"vinery:apple_tree_sapling":33},"minecraft:killed":{"minecraft:cave_spider":3,"minecraft:witch":1,"born_in_chaos_v1:zombie_lumberjack":1,"born_in_chaos_v1:restless_spirit":1,"minecraft:spider":11,"minecraft:dolphin":1,"born_in_chaos_v1:siamese_skeletonsright":1,"born_in_chaos_v1:baby_skeleton_minion":4,"minecraft:skeleton":26,"minecraft:chicken":5,"born_in_chaos_v1:supreme_bonescaller_stage_2":1,"minecraft:pig":5,"minecraft:salmon":5,"minecraft:creeper":3,"minecraft:sheep":9,"minecraft:pillager":7,"minecraft:zombie":78,"alexsmobs:terrapin":4,"minecraft:stray":3,"alexsmobs:fly":1,"born_in_chaos_v1:siamese_skeletonsleft":1,"minecraft:cow":13,"minecraft:vex":4,"born_in_chaos_v1:maggot":33,"minecraft:horse":1,"alexsmobs:bison":1,"minecraft:drowned":2,"born_in_chaos_v1:corpse_fish":7,"born_in_chaos_v1:spiritof_chaos":1,"minecraft:husk":7,"born_in_chaos_v1:bone_imp_minion":9,"born_in_chaos_v1:baby_skeleton":2,"minecraft:rabbit":1,"minecraft:bat":1,"minecraft:squid":1,"born_in_chaos_v1:decrepit_skeleton":3,"gamma_beasts:diamond_golem_a":1,"born_in_chaos_v1:bonescaller_not_despawn":2,"born_in_chaos_v1:nightmare_stalker":1},"minecraft:mined":{"minecraft:dark_oak_planks":1,"born_in_chaos_v1:cultivated_pumpkin":4,"create:deepslate_zinc_ore":34,"minecraft:spruce_planks":10,"gamma_beasts:roble_hoja_1":1,"farmersdelight:rich_soil":11,"vinery:dark_cherry_leaves":13,"minecraft:cherry_log":3,"minecraft:cobblestone_stairs":1,"minecraft:potted_crimson_fungus":1,"vinery:taiga_grape_bush_red":3,"minecraft:grass_block":2009,"minecraft:coal_block":3,"minecraft:spawner":13,"vinery:apple_log":190,"minecraft:tall_seagrass":1,"minecraft:magma_block":1,"supplementaries:ash":279,"minecraft:cobbled_deepslate":3,"minecraft:iron_ore":84,"minecraft:fire":6,"born_in_chaos_v1:black_argillite_brick_stairs":6,"minecraft:potted_red_mushroom":1,"minecraft:deepslate_lapis_ore":12,"minecraft:pointed_dripstone":3,"minecraft:iron_block":2,"minecraft:spruce_slab":3,"minecraft:tripwire":1,"meds_and_herbs:wild_vinca":1,"minecraft:deepslate_redstone_ore":16,"farmersdelight:organic_compost":2,"brewery:wild_hops":4,"minecraft:blackstone":1,"minecraft:crimson_nylium":1,"amendments:tool_hook":1,"scalinghealth:deepslate_heart_crystal_ore":9,"minecraft:torch":3,"minecraft:dark_oak_wood":3,"minecraft:melon":4,"minecraft:chest":5,"minecraft:dead_bush":1,"born_in_chaos_v1:black_argillite_column_slab":1,"gamma_beasts:thin_spruce_log":1,"minecraft:cobblestone":48,"minecraft:sugar_cane":4,"minecraft:wall_torch":4,"minecraft:chain":1,"born_in_chaos_v1:fired_black_argillite":3,"born_in_chaos_v1:river_mint":4,"minecraft:black_bed":13,"born_in_chaos_v1:black_argillite_brick":1,"minecraft:potted_poppy":1,"minecraft:smooth_stone_slab":60,"minecraft:grass":656,"minecraft:sand":136,"minecraft:dirt":2434,"minecraft:mangrove_log":3,"minecraft:smooth_basalt":5,"vinery:apple_leaves":714,"create:crimsite":2,"minecraft:oak_leaves":1,"minecraft:deepslate":162,"minecraft:deepslate_tiles":44,"create:zinc_ore":30,"minecraft:mossy_cobblestone":4,"minecraft:deepslate_diamond_ore":3,"tetra:block_geode":1,"meds_and_herbs:plantago":15,"minecraft:mangrove_roots":1,"vinery:dark_cherry_planks":1,"minecraft:decorated_pot":13,"minecraft:crimson_roots":1,"create:ochrum":7,"minecraft:redstone_wire":1,"minecraft:spruce_leaves":14,"farmersdelight:red_mushroom_colony":1,"minecraft:large_fern":7,"minecraft:black_stained_glass_pane":1,"minecraft:furnace":1,"minecraft:snow":1,"gamma_beasts:prehnite_ore":8,"minecraft:chiseled_deepslate":4,"treechop:chopped_log":363,"minecraft:deepslate_iron_ore":38,"crittersandcompanions:silk_cocoon":1,"ironchest:iron_chest":1,"minecraft:stripped_oak_log":1,"minecraft:stone":150,"gamma_beasts:abeto_hoja":9,"jeg:scrap_ore":46,"born_in_chaos_v1:marigolds":2,"vinery:dark_cherry_log":9,"minecraft:crafting_table":3,"minecraft:cornflower":1,"gamma_beasts:abeto_hoja_1":17,"minecraft:emerald_ore":1,"bakery:wild_strawberries":1,"candlelight:wild_tomatoes":3,"minecraft:tall_grass":74,"minecraft:copper_ore":53,"minecraft:deepslate_coal_ore":27,"farmersdelight:wild_tomatoes":10,"minecraft:deepslate_gold_ore":13,"minecraft:lapis_ore":7,"gamma_beasts:abedul_hojas":1,"supplementaries:urn":14,"jeg:deepslate_scrap_ore":46,"minecraft:purple_bed":1,"rpgsmw:mineral_ore":2,"minecraft:sweet_berry_bush":48,"minecraft:ice":23,"minecraft:spruce_log":2,"minecraft:birch_leaves":2,"minecraft:mangrove_planks":1,"minecraft:mangrove_leaves":2,"gamma_beasts:thin_oak_log":6,"minecraft:coal_ore":180,"minecraft:cherry_leaves":1,"vinery:jungle_grape_bush_white":1,"minecraft:cyan_carpet":1,"minecraft:gravel":14,"minecraft:dripstone_block":2,"minecraft:cobweb":7,"minecraft:gold_ore":1,"minecraft:fern":12}},"DataVersion":3465}