{"stats":{"minecraft:killed_by":{"minecraft:player":1},"minecraft:picked_up":{"rpgsmw:iron_sickle":1,"minecraft:crafting_table":2,"minecraft:coarse_dirt":2,"minecraft:chicken":3,"beachparty:rubber_ring_axolotl":3,"minecraft:leather_leggings":1,"born_in_chaos_v1:smoked_monster_flesh":1,"minecraft:flower_pot":1,"born_in_chaos_v1:seedof_chaos":8,"minecraft:cooked_rabbit":1,"minecraft:potion":1,"minecraft:brick":12,"minecraft:chain":1,"minecraft:shield":1,"minecraft:cornflower":1,"minecraft:string":24,"minecraft:iron_axe":1,"minecraft:raw_copper":33,"minecraft:cooked_salmon":3,"minecraft:smooth_stone_slab":66,"minecraft:blackstone":1,"minecraft:cobbled_deepslate":1,"minecraft:spruce_planks":33,"minecraft:beef":32,"minecraft:iron_pickaxe":1,"minecraft:poppy":1,"born_in_chaos_v1:stimulating_decoction":1,"minecraft:melon_slice":22,"minecraft:sugar_cane":1,"vinery:jungle_grape_seeds_white":2,"minecraft:mangrove_log":3,"minecraft:iron_boots":2,"minecraft:stick":8,"minecraft:raw_iron":11,"born_in_chaos_v1:shattered_skull":5,"minecraft:torch":5,"minecraft:porkchop":4,"farmersdelight:tomato_seeds":9,"born_in_chaos_v1:nightmare_claw":1,"minecraft:carrot":7,"minecraft:redstone":1,"minecraft:stone_sword":2,"born_in_chaos_v1:fried_maggot":7,"minecraft:arrow":2,"minecraft:rotten_flesh":122,"minecraft:decorated_pot":8,"alexsmobs:flying_fish":1,"minecraft:cod":2,"minecraft:hay_block":2,"minecraft:iron_block":2,"minecraft:mangrove_roots":2,"minecraft:gold_ingot":74,"gamma_beasts:coal_nugget":33,"born_in_chaos_v1:cultivated_pumpkin":4,"supplementaries:ash":1,"minecraft:mutton":14,"minecraft:white_wool":5,"minecraft:cobblestone":53,"born_in_chaos_v1:fused_bone":4,"minecraft:feather":5,"minecraft:tripwire_hook":1,"born_in_chaos_v1:corpse_maggot":18,"minecraft:leather_chestplate":1,"minecraft:cooked_beef":13,"born_in_chaos_v1:monster_flesh":2,"born_in_chaos_v1:spiritual_dust":10,"minecraft:salmon":2,"minecraft:black_bed":14,"minecraft:leather":16,"born_in_chaos_v1:mint_ice_cream":3,"minecraft:potato":3,"minecraft:flint":1,"minecraft:crimson_fungus":1,"minecraft:oak_log":1,"jeg:scrap":26,"scalinghealth:heart_crystal":7,"farmersdelight:tomato":5,"skilltree:gem":16,"born_in_chaos_v1:marigolds":1,"minecraft:white_banner":1,"minecraft:cooked_mutton":14,"brewery:hops_seeds":10,"born_in_chaos_v1:monster_skin":6,"minecraft:bone":7,"minecraft:kelp":17,"minecraft:raw_gold":1,"minecraft:wheat_seeds":4,"farmersdelight:sweet_berry_cookie":40,"minecraft:rabbit_hide":4,"minecraft:iron_ingot":64,"minecraft:stone_pickaxe":3,"scalinghealth:power_crystal_shard":4,"minecraft:rabbit":1,"minecraft:bamboo":26,"minecraft:iron_sword":1,"jeg:tech_trash":3,"minecraft:smooth_basalt":9,"minecraft:warped_fungus":3,"minecraft:polished_andesite_stairs":1,"bakery:strawberry":1,"scalinghealth:heart_crystal_shard":7,"minecraft:black_candle":1,"minecraft:cooked_porkchop":4,"minecraft:sweet_berries":113,"vinery:taiga_grape_seeds_red":8,"born_in_chaos_v1:orbofthe_summoner":2,"born_in_chaos_v1:ethereal_spirit":6,"minecraft:gravel":9,"minecraft:spruce_sapling":3,"minecraft:spruce_log":19,"gamma_beasts:blackberry":33,"minecraft:spider_eye":8,"minecraft:mossy_cobblestone":5,"gamma_beasts:spruce_leaf":18,"gamma_beasts:thin_jungle_log":3,"create:crimsite":2,"minecraft:purple_bed":3,"gamma_beasts:thin_spruce_log":5,"scalinghealth:cursed_heart":1,"minecraft:baked_potato":25,"minecraft:dark_oak_wood":6,"minecraft:coal":101},"minecraft:dropped":{"minecraft:iron_ingot":48,"born_in_chaos_v1:shattered_skull":1,"minecraft:iron_sword":1,"minecraft:wheat_seeds":4,"born_in_chaos_v1:scorched_planks_fence":3,"minecraft:warped_fungus":3,"minecraft:baked_potato":10,"minecraft:decorated_pot":2,"minecraft:mossy_cobblestone":4,"scalinghealth:cursed_heart":1,"gamma_beasts:coal_nugget":24,"minecraft:cooked_porkchop":2,"minecraft:poisonous_potato":4,"minecraft:cobblestone":1,"rpgsmw:woodenfiber":2,"minecraft:emerald":6,"minecraft:coal":9,"sophisticatedbackpacks:gold_backpack":1,"gamma_beasts:thin_jungle_log":3,"minecraft:cornflower":2,"alexsmobs:flying_fish":1,"born_in_chaos_v1:fused_bone":4,"minecraft:cooked_salmon":1,"farmersdelight:sweet_berry_cookie":72,"minecraft:potion":2,"minecraft:white_banner":1,"minecraft:iron_axe":1,"minecraft:string":4,"minecraft:white_wool":5,"minecraft:smooth_basalt":9,"minecraft:spruce_sapling":5,"minecraft:gold_ingot":58,"minecraft:bone":4,"minecraft:gravel":3,"minecraft:crimson_fungus":1,"minecraft:blackstone":1,"minecraft:sugar_cane":1,"minecraft:sweet_berries":51,"minecraft:mangrove_roots":2,"vinery:taiga_grape_seeds_red":4,"minecraft:coarse_dirt":2,"minecraft:stone_sword":2,"minecraft:cobbled_deepslate":1,"minecraft:smooth_stone_slab":39,"born_in_chaos_v1:smoked_monster_flesh":1,"minecraft:rotten_flesh":106,"born_in_chaos_v1:smoked_flesh":9,"gamma_beasts:blackberry":3,"minecraft:rabbit_hide":3,"beachparty:rubber_ring_axolotl":1,"minecraft:poppy":1,"minecraft:leather_chestplate":1,"minecraft:spruce_planks":40,"born_in_chaos_v1:corpse_maggot":6,"minecraft:purple_bed":2,"minecraft:leather_leggings":1,"minecraft:spider_eye":8,"brewery:hops_seeds":10,"minecraft:arrow":1,"minecraft:stone_pickaxe":3},"minecraft:used":{"minecraft:beetroot":4,"minecraft:stone_sword":194,"minecraft:iron_shovel":14,"minecraft:redstone":1,"minecraft:decorated_pot":6,"minecraft:spruce_planks":18,"minecraft:iron_sword":248,"minecraft:cooked_salmon":2,"born_in_chaos_v1:fried_maggot":7,"minecraft:torch":79,"scalinghealth:heart_crystal":7,"rpgsmw:iron_sickle":83,"minecraft:carrot":12,"minecraft:milk_bucket":2,"farmersdelight:sweet_berry_cookie":40,"born_in_chaos_v1:smoked_flesh":18,"minecraft:iron_axe":39,"minecraft:dark_oak_wood":2,"minecraft:tripwire_hook":1,"minecraft:sweet_berries":69,"minecraft:potato":3,"minecraft:cooked_beef":13,"minecraft:cooked_mutton":14,"born_in_chaos_v1:mint_ice_cream":3,"minecraft:stone_pickaxe":180,"minecraft:baked_potato":15,"create:crimsite":2,"minecraft:wooden_pickaxe":59,"minecraft:diamond_axe":1,"rpgsmw:stone_knife":143,"minecraft:mossy_cobblestone":1,"minecraft:crafting_table":3,"bakery:strawberry":1,"minecraft:campfire":2,"gamma_beasts:blackberry":30,"minecraft:black_bed":13,"minecraft:spruce_log":1,"minecraft:apple":16,"minecraft:bread":36,"minecraft:iron_pickaxe":2,"born_in_chaos_v1:marigolds":1,"minecraft:gravel":6,"minecraft:stone_axe":66,"minecraft:wooden_sword":58,"minecraft:cobblestone":3,"minecraft:cooked_porkchop":2,"minecraft:cooked_rabbit":1,"minecraft:chain":1,"minecraft:black_candle":1,"minecraft:experience_bottle":2},"minecraft:custom":{"minecraft:mob_kills":164,"minecraft:interact_with_crafting_table":20,"minecraft:open_barrel":61,"minecraft:interact_with_campfire":70,"minecraft:damage_dealt_resisted":1691,"minecraft:leave_game":4,"minecraft:time_since_death":15401,"minecraft:climb_one_cm":20894,"minecraft:damage_resisted":887,"minecraft:sprint_one_cm":1386872,"minecraft:walk_one_cm":1329413,"minecraft:drop":182,"minecraft:damage_dealt_absorbed":57,"minecraft:talked_to_villager":13,"minecraft:play_time":330958,"minecraft:deaths":12,"minecraft:sneak_time":25458,"minecraft:walk_under_water_one_cm":32250,"minecraft:interact_with_blast_furnace":8,"minecraft:jump":2472,"minecraft:walk_on_water_one_cm":90215,"minecraft:total_world_time":330958,"minecraft:interact_with_furnace":1,"minecraft:traded_with_villager":6,"minecraft:sleep_in_bed":14,"minecraft:time_since_rest":10361,"minecraft:damage_taken":13888,"minecraft:damage_dealt":30932,"minecraft:swim_one_cm":162665,"minecraft:fly_one_cm":648198,"minecraft:open_chest":142,"minecraft:crouch_one_cm":83671,"minecraft:inspect_dispenser":1,"minecraft:fall_one_cm":49040},"minecraft:broken":{"minecraft:leather_helmet":1,"rpgsmw:stone_knife":1,"minecraft:stone_sword":1,"minecraft:iron_boots":3,"minecraft:golden_leggings":1,"minecraft:leather_chestplate":4,"minecraft:wooden_pickaxe":1,"minecraft:wooden_sword":1,"minecraft:leather_boots":1,"minecraft:stone_axe":1,"minecraft:iron_sword":1,"minecraft:iron_helmet":1},"minecraft:mined":{"born_in_chaos_v1:cultivated_pumpkin":4,"minecraft:spruce_planks":10,"minecraft:mossy_cobblestone":4,"minecraft:cobblestone_stairs":1,"minecraft:mangrove_roots":1,"minecraft:potted_crimson_fungus":1,"vinery:taiga_grape_bush_red":3,"minecraft:decorated_pot":11,"minecraft:redstone_wire":1,"minecraft:spruce_leaves":14,"minecraft:spawner":10,"minecraft:large_fern":4,"minecraft:iron_ore":11,"treechop:chopped_log":27,"minecraft:iron_block":2,"minecraft:stone":20,"minecraft:tripwire":1,"minecraft:spruce_slab":3,"born_in_chaos_v1:marigolds":1,"gamma_beasts:abeto_hoja":9,"jeg:scrap_ore":3,"brewery:wild_hops":4,"minecraft:blackstone":1,"amendments:tool_hook":1,"minecraft:crafting_table":2,"minecraft:cornflower":1,"minecraft:dark_oak_wood":3,"gamma_beasts:abeto_hoja_1":17,"bakery:wild_strawberries":1,"minecraft:melon":4,"minecraft:dead_bush":1,"minecraft:purple_bed":1,"minecraft:deepslate_coal_ore":27,"gamma_beasts:thin_spruce_log":1,"minecraft:cobblestone":30,"minecraft:copper_ore":10,"farmersdelight:wild_tomatoes":10,"minecraft:wall_torch":4,"jeg:deepslate_scrap_ore":10,"minecraft:chain":1,"minecraft:sweet_berry_bush":48,"minecraft:ice":1,"minecraft:spruce_log":2,"minecraft:birch_leaves":2,"minecraft:black_bed":13,"minecraft:mangrove_leaves":2,"minecraft:potted_poppy":1,"minecraft:smooth_stone_slab":60,"minecraft:grass":16,"minecraft:coal_ore":39,"vinery:jungle_grape_bush_white":1,"minecraft:gravel":10,"minecraft:cobweb":7,"minecraft:mangrove_log":3,"minecraft:smooth_basalt":5,"minecraft:gold_ore":1,"minecraft:oak_leaves":1,"create:crimsite":2,"minecraft:deepslate":1,"minecraft:fern":12},"minecraft:killed":{"minecraft:vex":4,"minecraft:cave_spider":3,"born_in_chaos_v1:zombie_lumberjack":1,"born_in_chaos_v1:restless_spirit":1,"minecraft:spider":5,"minecraft:dolphin":1,"born_in_chaos_v1:baby_skeleton_minion":4,"born_in_chaos_v1:maggot":18,"minecraft:horse":1,"minecraft:skeleton":2,"minecraft:chicken":3,"alexsmobs:bison":1,"born_in_chaos_v1:supreme_bonescaller_stage_2":1,"born_in_chaos_v1:spiritof_chaos":1,"minecraft:husk":1,"minecraft:pig":2,"born_in_chaos_v1:bone_imp_minion":9,"born_in_chaos_v1:baby_skeleton":1,"minecraft:rabbit":1,"gamma_beasts:diamond_golem_a":1,"born_in_chaos_v1:decrepit_skeleton":3,"minecraft:sheep":7,"minecraft:pillager":3,"minecraft:zombie":62,"born_in_chaos_v1:bonescaller_not_despawn":2,"minecraft:stray":3,"born_in_chaos_v1:nightmare_stalker":1,"minecraft:cow":13},"minecraft:crafted":{"minecraft:oak_planks":4,"minecraft:chest":1,"minecraft:dark_oak_planks":16,"rpgsmw:woodenfiber":2,"sophisticatedbackpacks:iron_backpack":1,"minecraft:wheat":18,"minecraft:emerald":15,"minecraft:spruce_planks":70,"sophisticatedbackpacks:gold_backpack":1,"minecraft:air":0,"minecraft:bread":1,"farmersdelight:sweet_berry_cookie":72,"minecraft:iron_ingot":18,"minecraft:stick":48,"minecraft:torch":104}},"DataVersion":3465}