{"stats":{"minecraft:killed_by":{"minecraft:player":2},"minecraft:picked_up":{"rpgsmw:iron_sickle":1,"gamma_beasts:thin_oak_log":28,"beachparty:rubber_ring_axolotl":3,"minecraft:flower_pot":1,"minecraft:potion":1,"minecraft:enchanted_book":1,"minecraft:string":33,"minecraft:raw_copper":200,"minecraft:cooked_salmon":3,"minecraft:smooth_stone_slab":66,"minecraft:red_nether_bricks":1,"minecraft:gold_nugget":88,"minecraft:cobbled_deepslate":171,"minecraft:spruce_planks":33,"rpgsmw:rawmiphrilignot":8,"meds_and_herbs:plantago_leaves":26,"minecraft:iron_pickaxe":1,"born_in_chaos_v1:stimulating_decoction":1,"minecraft:melon_slice":22,"vinery:jungle_grape_seeds_white":2,"vinery:dark_cherry_planks":25,"minecraft:mangrove_log":3,"minecraft:iron_boots":2,"minecraft:furnace":1,"minecraft:stick":42,"born_in_chaos_v1:shattered_skull":5,"minecraft:torch":7,"minecraft:spruce_stairs":1,"minecraft:porkchop":4,"born_in_chaos_v1:nightmare_claw":1,"minecraft:stone_sword":2,"born_in_chaos_v1:fried_maggot":7,"minecraft:rotten_flesh":155,"minecraft:vex_armor_trim_smithing_template":2,"create:ochrum":7,"supplementaries:antique_ink":3,"minecraft:iron_block":2,"gamma_beasts:coal_nugget":93,"minecraft:mangrove_roots":2,"born_in_chaos_v1:cultivated_pumpkin":4,"supplementaries:ash":5,"rpgsmw:edmantium":2,"vinery:dark_cherry_log":60,"minecraft:cod":2,"vinery:apple_log":121,"alexsmobs:flying_fish":1,"minecraft:cobblestone":254,"minecraft:leather_chestplate":1,"minecraft:feather":5,"minecraft:cooked_beef":15,"born_in_chaos_v1:spiritual_dust":10,"minecraft:black_bed":14,"born_in_chaos_v1:mint_ice_cream":3,"gamma_beasts:prehnite":13,"minecraft:potato":3,"minecraft:flint":2,"minecraft:tuff":2,"create:raw_zinc":64,"gamma_beasts:oak_leaf":75,"supplementaries:flax_seeds":7,"jeg:scrap":179,"skilltree:gem":95,"minecraft:lapis_lazuli":118,"farmersdelight:tomato":5,"minecraft:dirt":3774,"brewery:hops_seeds":10,"born_in_chaos_v1:monster_skin":6,"born_in_chaos_v1:marigolds":2,"minecraft:bone":43,"minecraft:bow":1,"minecraft:wheat_seeds":140,"farmersdelight:sweet_berry_cookie":40,"minecraft:raw_gold":15,"minecraft:rabbit":1,"minecraft:bamboo":26,"minecraft:cooked_porkchop":5,"vinery:dark_cherry_sapling":31,"minecraft:sand":2,"minecraft:mossy_cobblestone":5,"minecraft:bundle":1,"gamma_beasts:thin_jungle_log":3,"create:crimsite":2,"minecraft:diamond":5,"jeg:repair_kit":1,"scalinghealth:cursed_heart":1,"minecraft:emerald":2,"alexsmobs:maggot":4,"born_in_chaos_v1:rotten_fish":1,"jeg:makeshift_stock":1,"minecraft:coarse_dirt":2,"minecraft:crafting_table":3,"born_in_chaos_v1:smoked_monster_flesh":2,"minecraft:chicken":3,"born_in_chaos_v1:river_mint":12,"born_in_chaos_v1:seedof_chaos":13,"minecraft:leather_leggings":1,"minecraft:cooked_rabbit":3,"minecraft:chain":1,"minecraft:shield":1,"minecraft:brick":12,"minecraft:cornflower":1,"minecraft:iron_axe":1,"minecraft:item_frame":1,"minecraft:cyan_carpet":2,"minecraft:blackstone":1,"vinery:apple_tree_sapling":61,"minecraft:beef":32,"vinery:cherry":39,"minecraft:iron_nugget":19,"minecraft:poppy":1,"minecraft:sugar_cane":1,"minecraft:chest":7,"crittersandcompanions:clam":1,"minecraft:raw_iron":215,"minecraft:stripped_mangrove_wood":1,"ironchest:iron_chest":1,"farmersdelight:tomato_seeds":9,"minecraft:mangrove_sign":2,"born_in_chaos_v1:pieceofdarkmetal":9,"minecraft:carrot":7,"minecraft:redstone":73,"minecraft:mangrove_trapdoor":1,"minecraft:arrow":26,"minecraft:decorated_pot":8,"minecraft:hay_block":2,"minecraft:gold_ingot":75,"minecraft:mutton":14,"minecraft:white_wool":5,"born_in_chaos_v1:fused_bone":6,"born_in_chaos_v1:corpse_maggot":33,"born_in_chaos_v1:monster_flesh":2,"minecraft:tripwire_hook":1,"minecraft:salmon":2,"minecraft:leather":16,"minecraft:crimson_fungus":1,"gamma_beasts:green_apple":63,"minecraft:oak_log":1,"scalinghealth:bandages":6,"minecraft:gunpowder":3,"scalinghealth:heart_crystal":11,"minecraft:white_banner":1,"minecraft:cooked_mutton":18,"minecraft:apple":53,"minecraft:kelp":17,"minecraft:cooked_chicken":2,"candlelight:rose":3,"minecraft:rabbit_hide":4,"minecraft:iron_ingot":124,"minecraft:stone_pickaxe":3,"candlelight:tomato":3,"scalinghealth:power_crystal_shard":4,"jeg:double_barrel_shotgun":1,"minecraft:mangrove_planks":1,"jeg:tech_trash":23,"minecraft:iron_sword":1,"minecraft:polished_andesite_stairs":1,"scalinghealth:heart_crystal_shard":16,"bakery:strawberry":1,"minecraft:warped_fungus":3,"minecraft:smooth_basalt":9,"minecraft:black_candle":1,"meds_and_herbs:seeds_vinca":1,"minecraft:sweet_berries":113,"vinery:taiga_grape_seeds_red":8,"born_in_chaos_v1:lifestealer_bone":3,"born_in_chaos_v1:orbofthe_summoner":2,"born_in_chaos_v1:ethereal_spirit":7,"minecraft:dripstone_block":1,"minecraft:gravel":11,"born_in_chaos_v1:dark_rod":2,"minecraft:spruce_sapling":3,"minecraft:spruce_log":19,"gamma_beasts:blackberry":33,"minecraft:spider_eye":11,"jeg:handmade_shell":5,"gamma_beasts:spruce_leaf":18,"minecraft:purple_bed":3,"tetra:geode":1,"meds_and_herbs:vinca_leaves":2,"gamma_beasts:thin_spruce_log":5,"minecraft:baked_potato":25,"minecraft:melon_seeds":3,"minecraft:dark_oak_wood":6,"minecraft:coal":318},"minecraft:dropped":{"minecraft:iron_sword":1,"minecraft:stripped_mangrove_wood":1,"minecraft:warped_fungus":3,"minecraft:baked_potato":10,"minecraft:decorated_pot":2,"minecraft:cooked_porkchop":2,"rpgsmw:woodenfiber":2,"minecraft:mangrove_planks":1,"minecraft:item_frame":1,"minecraft:emerald":6,"sophisticatedbackpacks:gold_backpack":1,"minecraft:dirt":3105,"gamma_beasts:thin_jungle_log":3,"minecraft:cornflower":2,"alexsmobs:flying_fish":1,"farmersdelight:sweet_berry_cookie":72,"minecraft:sand":2,"minecraft:white_wool":5,"minecraft:gold_ingot":58,"minecraft:bone":7,"minecraft:cyan_carpet":3,"minecraft:gravel":9,"minecraft:crimson_fungus":1,"minecraft:blackstone":1,"minecraft:sugar_cane":1,"minecraft:mangrove_roots":2,"vinery:taiga_grape_seeds_red":4,"minecraft:cobbled_deepslate":1,"minecraft:rotten_flesh":137,"born_in_chaos_v1:smoked_flesh":9,"minecraft:mangrove_sign":1,"minecraft:mangrove_fence":1,"beachparty:rubber_ring_axolotl":1,"minecraft:poppy":1,"minecraft:rabbit_hide":3,"minecraft:leather_chestplate":1,"supplementaries:flax_seeds":2,"minecraft:gunpowder":39,"born_in_chaos_v1:corpse_maggot":23,"minecraft:leather_leggings":1,"minecraft:red_nether_bricks":1,"minecraft:arrow":5,"minecraft:bread":9,"minecraft:iron_ingot":48,"born_in_chaos_v1:shattered_skull":1,"minecraft:wheat_seeds":142,"born_in_chaos_v1:scorched_planks_fence":3,"gamma_beasts:oak_leaf":11,"minecraft:mangrove_trapdoor":1,"gamma_beasts:coal_nugget":24,"minecraft:mossy_cobblestone":4,"vinery:dark_cherry_planks":24,"scalinghealth:cursed_heart":1,"minecraft:poisonous_potato":4,"minecraft:cobblestone":53,"minecraft:spruce_stairs":1,"minecraft:coal":9,"vinery:apple_log":22,"minecraft:torch":15,"born_in_chaos_v1:fused_bone":4,"minecraft:cooked_salmon":1,"minecraft:potion":2,"minecraft:white_banner":1,"minecraft:iron_axe":1,"minecraft:string":4,"vinery:cherry":6,"minecraft:spruce_sapling":10,"minecraft:smooth_basalt":9,"minecraft:sweet_berries":51,"alexsmobs:maggot":4,"minecraft:coarse_dirt":2,"minecraft:stone_sword":2,"minecraft:smooth_stone_slab":39,"minecraft:tuff":3,"born_in_chaos_v1:rotten_fish":1,"born_in_chaos_v1:smoked_monster_flesh":1,"gamma_beasts:blackberry":3,"gamma_beasts:green_apple":31,"minecraft:spruce_planks":40,"minecraft:purple_bed":2,"rpgsmw:copper_spear":1,"minecraft:spider_eye":11,"brewery:hops_seeds":10,"minecraft:stone_pickaxe":3,"minecraft:bow":1},"minecraft:used":{"minecraft:beetroot":4,"minecraft:iron_shovel":251,"minecraft:decorated_pot":6,"minecraft:chest":10,"minecraft:iron_sword":248,"rpgsmw:iron_sickle":348,"minecraft:carrot":12,"gamma_beasts:prehnite_pickaxe":270,"ironchest:iron_chest":7,"vinery:dark_cherry_sapling":9,"minecraft:milk_bucket":2,"farmersdelight:sweet_berry_cookie":40,"born_in_chaos_v1:corpse_maggot":1,"born_in_chaos_v1:smoked_flesh":18,"minecraft:dark_oak_wood":2,"vinery:dark_cherry_planks":1,"minecraft:sweet_berries":69,"minecraft:furnace":2,"minecraft:cooked_cod":5,"minecraft:potato":3,"minecraft:golden_boots":1,"minecraft:stone_pickaxe":512,"create:crimsite":2,"minecraft:wooden_pickaxe":59,"minecraft:diamond_axe":1,"gamma_beasts:prehnite_axe":213,"minecraft:mushroom_stew":5,"minecraft:blast_furnace":1,"tetra:modular_double":1,"minecraft:black_bed":14,"minecraft:dripstone_block":1,"gamma_beasts:blackberry":30,"minecraft:bread":52,"minecraft:melon_slice":22,"born_in_chaos_v1:marigolds":2,"born_in_chaos_v1:smoked_monster_flesh":1,"minecraft:gravel":6,"minecraft:wooden_sword":58,"minecraft:cooked_rabbit":1,"minecraft:chain":1,"minecraft:bone_meal":6,"minecraft:experience_bottle":2,"minecraft:stone_sword":194,"minecraft:stone_shovel":3276,"minecraft:redstone":1,"minecraft:spruce_planks":18,"gamma_beasts:green_apple":32,"born_in_chaos_v1:fried_maggot":7,"minecraft:cooked_salmon":5,"minecraft:cooked_chicken":3,"minecraft:torch":150,"create:ochrum":7,"minecraft:dirt":500,"scalinghealth:heart_crystal":13,"minecraft:iron_axe":257,"jeg:double_barrel_shotgun":5,"minecraft:tripwire_hook":1,"minecraft:cooked_beef":22,"minecraft:cobbled_deepslate":1,"minecraft:cooked_mutton":14,"born_in_chaos_v1:mint_ice_cream":3,"minecraft:baked_potato":15,"minecraft:red_nether_bricks":1,"gamma_beasts:prehnite_sword":124,"rpgsmw:stone_knife":143,"minecraft:mossy_cobblestone":1,"minecraft:crafting_table":5,"minecraft:campfire":3,"bakery:strawberry":1,"minecraft:cake":6,"minecraft:spruce_log":1,"minecraft:apple":88,"rpgsmw:copper_sickle":281,"minecraft:iron_pickaxe":194,"minecraft:golden_leggings":1,"jeg:scrap_workbench":1,"minecraft:stone_axe":66,"minecraft:cobblestone":3,"minecraft:purple_bed":1,"vinery:cherry":26,"minecraft:cooked_porkchop":2,"minecraft:black_candle":1,"minecraft:pumpkin_pie":2,"vinery:apple_tree_sapling":33},"minecraft:custom":{"minecraft:interact_with_crafting_table":65,"minecraft:open_barrel":72,"minecraft:eat_cake_slice":21,"minecraft:leave_game":8,"minecraft:time_since_death":58365,"minecraft:damage_resisted":1420,"minecraft:sprint_one_cm":2532944,"minecraft:drop":350,"minecraft:talked_to_villager":13,"minecraft:play_time":702024,"minecraft:deaths":18,"minecraft:jump":4831,"minecraft:walk_on_water_one_cm":123656,"minecraft:interact_with_furnace":68,"minecraft:traded_with_villager":6,"minecraft:sleep_in_bed":36,"minecraft:damage_dealt":51724,"minecraft:crouch_one_cm":166546,"minecraft:inspect_dispenser":1,"minecraft:interact_with_smithing_table":1,"minecraft:mob_kills":238,"minecraft:interact_with_campfire":82,"minecraft:damage_dealt_resisted":1926,"minecraft:climb_one_cm":23526,"minecraft:walk_one_cm":2155621,"minecraft:damage_dealt_absorbed":57,"minecraft:sneak_time":44026,"minecraft:walk_under_water_one_cm":39517,"minecraft:interact_with_blast_furnace":107,"minecraft:total_world_time":702024,"minecraft:time_since_rest":5133,"minecraft:damage_taken":26283,"minecraft:swim_one_cm":168540,"minecraft:fly_one_cm":1658684,"minecraft:open_chest":510,"minecraft:fall_one_cm":70641},"minecraft:broken":{"minecraft:iron_shovel":1,"rpgsmw:stone_knife":1,"minecraft:golden_boots":1,"minecraft:leather_leggings":1,"minecraft:iron_boots":3,"minecraft:golden_leggings":2,"minecraft:stone_pickaxe":3,"minecraft:wooden_sword":1,"minecraft:stone_axe":1,"minecraft:iron_sword":1,"minecraft:stone_shovel":24,"minecraft:leather_helmet":1,"minecraft:stone_sword":1,"rpgsmw:copper_sickle":2,"minecraft:chainmail_helmet":1,"gamma_beasts:prehnite_pickaxe":1,"minecraft:leather_chestplate":6,"minecraft:wooden_pickaxe":1,"minecraft:iron_axe":1,"minecraft:leather_boots":1,"minecraft:iron_helmet":2,"rpgsmw:iron_sickle":1},"minecraft:mined":{"minecraft:dark_oak_planks":1,"create:deepslate_zinc_ore":34,"born_in_chaos_v1:cultivated_pumpkin":4,"minecraft:spruce_planks":10,"gamma_beasts:roble_hoja_1":1,"vinery:dark_cherry_leaves":13,"minecraft:cobblestone_stairs":1,"minecraft:potted_crimson_fungus":1,"vinery:taiga_grape_bush_red":3,"minecraft:grass_block":1594,"minecraft:spawner":13,"vinery:apple_log":20,"minecraft:iron_ore":84,"minecraft:deepslate_lapis_ore":12,"minecraft:iron_block":2,"minecraft:spruce_slab":3,"minecraft:tripwire":1,"meds_and_herbs:wild_vinca":1,"minecraft:deepslate_redstone_ore":16,"brewery:wild_hops":4,"minecraft:blackstone":1,"amendments:tool_hook":1,"scalinghealth:deepslate_heart_crystal_ore":9,"minecraft:dark_oak_wood":3,"minecraft:melon":4,"minecraft:chest":5,"minecraft:dead_bush":1,"gamma_beasts:thin_spruce_log":1,"minecraft:cobblestone":30,"minecraft:wall_torch":4,"minecraft:chain":1,"born_in_chaos_v1:river_mint":4,"minecraft:black_bed":13,"minecraft:potted_poppy":1,"minecraft:smooth_stone_slab":60,"minecraft:grass":406,"minecraft:dirt":1810,"minecraft:mangrove_log":3,"minecraft:smooth_basalt":5,"vinery:apple_leaves":94,"create:crimsite":2,"minecraft:oak_leaves":1,"minecraft:deepslate":162,"create:zinc_ore":30,"minecraft:mossy_cobblestone":4,"minecraft:deepslate_diamond_ore":3,"tetra:block_geode":1,"meds_and_herbs:plantago":12,"minecraft:mangrove_roots":1,"vinery:dark_cherry_planks":1,"minecraft:decorated_pot":11,"create:ochrum":7,"minecraft:redstone_wire":1,"minecraft:spruce_leaves":14,"minecraft:large_fern":4,"minecraft:black_stained_glass_pane":1,"minecraft:furnace":1,"gamma_beasts:prehnite_ore":8,"treechop:chopped_log":183,"minecraft:deepslate_iron_ore":38,"ironchest:iron_chest":1,"minecraft:stone":122,"gamma_beasts:abeto_hoja":9,"jeg:scrap_ore":46,"born_in_chaos_v1:marigolds":2,"vinery:dark_cherry_log":9,"minecraft:crafting_table":3,"minecraft:cornflower":1,"gamma_beasts:abeto_hoja_1":17,"minecraft:emerald_ore":1,"bakery:wild_strawberries":1,"candlelight:wild_tomatoes":3,"minecraft:copper_ore":53,"minecraft:tall_grass":64,"minecraft:deepslate_coal_ore":27,"farmersdelight:wild_tomatoes":10,"minecraft:deepslate_gold_ore":13,"minecraft:lapis_ore":7,"minecraft:purple_bed":1,"supplementaries:urn":14,"jeg:deepslate_scrap_ore":46,"rpgsmw:mineral_ore":2,"minecraft:sweet_berry_bush":48,"minecraft:ice":1,"minecraft:spruce_log":2,"minecraft:birch_leaves":2,"minecraft:mangrove_planks":1,"minecraft:mangrove_leaves":2,"gamma_beasts:thin_oak_log":6,"minecraft:coal_ore":176,"vinery:jungle_grape_bush_white":1,"minecraft:cyan_carpet":1,"minecraft:gravel":12,"minecraft:dripstone_block":1,"minecraft:cobweb":7,"minecraft:gold_ore":1,"minecraft:fern":12},"minecraft:killed":{"minecraft:cave_spider":3,"minecraft:witch":1,"born_in_chaos_v1:restless_spirit":1,"born_in_chaos_v1:zombie_lumberjack":1,"minecraft:spider":9,"minecraft:dolphin":1,"born_in_chaos_v1:siamese_skeletonsright":1,"born_in_chaos_v1:baby_skeleton_minion":4,"minecraft:skeleton":22,"minecraft:chicken":3,"born_in_chaos_v1:supreme_bonescaller_stage_2":1,"minecraft:pig":2,"minecraft:creeper":1,"minecraft:sheep":7,"minecraft:pillager":7,"minecraft:zombie":76,"alexsmobs:terrapin":4,"minecraft:stray":3,"alexsmobs:fly":1,"born_in_chaos_v1:siamese_skeletonsleft":1,"minecraft:cow":13,"minecraft:vex":4,"born_in_chaos_v1:maggot":32,"minecraft:horse":1,"alexsmobs:bison":1,"born_in_chaos_v1:spiritof_chaos":1,"minecraft:husk":7,"born_in_chaos_v1:bone_imp_minion":9,"born_in_chaos_v1:baby_skeleton":2,"minecraft:rabbit":1,"minecraft:bat":1,"born_in_chaos_v1:decrepit_skeleton":3,"gamma_beasts:diamond_golem_a":1,"born_in_chaos_v1:bonescaller_not_despawn":2,"born_in_chaos_v1:nightmare_stalker":1},"minecraft:crafted":{"minecraft:oak_planks":112,"minecraft:smooth_stone":0,"minecraft:cooked_chicken":3,"minecraft:stone":0,"minecraft:lever":2,"rpgsmw:default_crossbow_bolt":40,"minecraft:chest":4,"rpgsmw:woodenfiber":2,"minecraft:emerald":15,"vinery:dark_cherry_planks":76,"minecraft:spruce_planks":70,"skilltree:gem":8,"minecraft:copper_ingot":280,"minecraft:stick":76,"minecraft:iron_ingot":249,"minecraft:gold_ingot":38,"minecraft:stone_shovel":23,"minecraft:blast_furnace":1,"minecraft:bone_meal":6,"minecraft:dark_oak_planks":16,"minecraft:wheat":18,"sophisticatedbackpacks:iron_backpack":1,"minecraft:cooked_beef":0,"minecraft:cooked_cod":0,"rpgsmw:steel":21,"minecraft:cooked_salmon":0,"sophisticatedbackpacks:gold_backpack":1,"scalinghealth:heart_crystal":2,"farmersdelight:sweet_berry_cookie":72,"minecraft:bread":1,"minecraft:air":0,"minecraft:torch":172,"ironchest:iron_chest":4}},"DataVersion":3465}