{"stats":{"minecraft:killed_by":{"minecraft:slime":1,"minecraft:player":4},"minecraft:picked_up":{"rpgsmw:iron_sickle":1,"gamma_beasts:thin_oak_log":28,"minecraft:flower_pot":3,"minecraft:prismarine_shard":6,"minecraft:enchanted_book":4,"farmersdelight:cutting_board":2,"minecraft:string":103,"minecraft:cooked_salmon":7,"minecraft:red_nether_bricks":1,"minecraft:beetroot":1,"minecraft:gold_nugget":90,"minecraft:cobbled_deepslate":328,"minecraft:spruce_planks":33,"rpgsmw:rawmiphrilignot":19,"minecraft:melon_slice":22,"minecraft:coal_block":10,"minecraft:mangrove_log":3,"born_in_chaos_v1:shattered_skull":5,"minecraft:cherry_log":1242,"born_in_chaos_v1:black_argillite_brick_stairs":6,"minecraft:deepslate_tile_stairs":36,"minecraft:stone_sword":2,"born_in_chaos_v1:fried_maggot":7,"create:scoria":4,"minecraft:vex_armor_trim_smithing_template":2,"create:ochrum":7,"minecraft:blue_dye":16,"minecraft:iron_block":2,"farmersdelight:rope":23,"gamma_beasts:coal_nugget":112,"born_in_chaos_v1:cultivated_pumpkin":4,"supplementaries:ash":1041,"endrem:rogue_eye":1,"vinery:dark_cherry_log":240,"minecraft:snowball":2,"alexsmobs:flying_fish":1,"minecraft:birch_log":11,"gamma_beasts:pear":16,"minecraft:feather":16,"minecraft:cooked_beef":32,"born_in_chaos_v1:spiritual_dust":21,"minecraft:birch_slab":1,"minecraft:smoker":1,"faded_conquest_2:key_of_conquest":1,"minecraft:flint":2,"minecraft:cherry_fence":1,"jeg:scrap":238,"farmersdelight:tomato":39,"minecraft:lantern":1,"born_in_chaos_v1:nightmare_stalker_skull":1,"faded_conquest_2:keyof_pestilence":1,"born_in_chaos_v1:marigolds":9,"tetra:scroll_rolled":2,"minecraft:rabbit":1,"rpgsmw:iron_one_handed_crossbow":1,"scalinghealth:enchanted_heart":2,"minecraft:ink_sac":7,"minecraft:dark_oak_log":8,"create:tiled_glass":31,"minecraft:barrel":2,"minecraft:bundle":1,"gamma_beasts:thin_jungle_log":3,"create:crimsite":2,"jeg:repair_kit":1,"alexsmobs:maggot":4,"born_in_chaos_v1:rotten_fish":8,"minecraft:cherry_slab":38,"minecraft:crimson_roots":1,"minecraft:diamond_pickaxe":1,"jeg:makeshift_stock":2,"minecraft:coarse_dirt":2,"minecraft:crafting_table":3,"born_in_chaos_v1:smoked_monster_flesh":2,"minecraft:nether_wart":2,"minecraft:clay_ball":4,"born_in_chaos_v1:seedof_chaos":16,"minecraft:leather_leggings":1,"gamma_beasts:cooked_meat":7,"gamma_beasts:birch_leaf":13,"minecraft:stripped_cherry_log":320,"born_in_chaos_v1:fired_black_argillite":3,"minecraft:cornflower":1,"alexsmobs:cooked_catfish":7,"minecraft:flint_and_steel":1,"minecraft:beef":54,"born_in_chaos_v1:gnawed_bones":1,"vinery:cherry":62,"minecraft:iron_nugget":21,"minecraft:poppy":1,"minecraft:spruce_slab":2,"minecraft:chest":7,"minecraft:birch_sapling":2,"ironchest:dirt_chest":1,"minecraft:egg":6,"minecraft:raw_gold_block":2,"ironchest:iron_chest":1,"farmersdelight:tomato_seeds":11,"minecraft:mangrove_sign":2,"born_in_chaos_v1:pieceofdarkmetal":16,"minecraft:carrot":35,"minecraft:redstone":74,"minecraft:mangrove_trapdoor":1,"jeg:healing_talisman":8,"minecraft:cooked_cod":8,"minecraft:decorated_pot":8,"supplementaries:sconce":9,"minecraft:hay_block":2,"minecraft:gold_ingot":75,"minecraft:glow_berries":7,"minecraft:mutton":17,"minecraft:white_wool":18,"minecraft:stripped_oak_log":4,"born_in_chaos_v1:black_argillite_column_slab":1,"born_in_chaos_v1:monster_flesh":6,"minecraft:tripwire_hook":1,"beachparty:raw_mussel_meat":8,"minecraft:red_mushroom":603,"vinery:dark_cherry_stairs":1,"minecraft:filled_map":1,"minecraft:oak_log":8,"scalinghealth:bandages":43,"minecraft:white_banner":1,"farmersdelight:organic_compost":16,"minecraft:apple":181,"minecraft:stone_bricks":1,"minecraft:kelp":55,"gamma_beasts:meat":3,"minecraft:stone_pickaxe":3,"candlelight:tomato":3,"scalinghealth:power_crystal_shard":50,"endrem:cold_eye":5,"jeg:double_barrel_shotgun":1,"minecraft:mangrove_planks":1,"minecraft:iron_sword":2,"minecraft:polished_andesite_stairs":1,"minecraft:smooth_basalt":35,"meds_and_herbs:seeds_vinca":1,"minecraft:sweet_berries":113,"vinery:taiga_grape_seeds_red":8,"born_in_chaos_v1:orbofthe_summoner":4,"born_in_chaos_v1:ethereal_spirit":16,"minecraft:gravel":32,"minecraft:spruce_sapling":3,"minecraft:spruce_log":20,"minecraft:crying_obsidian":3,"jeg:handmade_shell":15,"minecraft:purple_bed":4,"tetra:geode":1,"jeg:ectoplasm":5,"rpgsmw:crossbow_bolt_model":1,"gamma_beasts:thin_spruce_log":5,"minecraft:baked_potato":28,"minecraft:melon_seeds":3,"minecraft:chiseled_deepslate":14,"minecraft:wheat":53,"beachparty:rubber_ring_axolotl":3,"gamma_beasts:fur":9,"beachparty:palm_tall_torch":3,"vinery:dark_cherry_slab":43,"minecraft:potion":2,"born_in_chaos_v1:bloody_gadfly_eye":4,"born_in_chaos_v1:black_argillite":59,"minecraft:raw_copper":200,"minecraft:smooth_stone_slab":66,"minecraft:red_candle":5,"minecraft:zombie_head":1,"minecraft:oak_sign":4,"jeg:revolver":1,"minecraft:deepslate_tiles":286,"farmersdelight:cabbage":4,"minecraft:bucket":1,"meds_and_herbs:plantago_leaves":64,"minecraft:redstone_torch":2,"minecraft:calcite":1,"minecraft:wooden_shovel":2,"minecraft:smooth_quartz":5,"minecraft:iron_pickaxe":1,"minecraft:deepslate_tile_wall":28,"born_in_chaos_v1:stimulating_decoction":1,"vinery:jungle_grape_seeds_white":2,"vinery:dark_cherry_planks":379,"farmersdelight:cabbage_seeds":8,"minecraft:iron_boots":3,"minecraft:furnace":1,"minecraft:tipped_arrow":4,"minecraft:stick":847,"jeg:pistol_ammo":25,"minecraft:torch":78,"minecraft:spruce_stairs":1,"minecraft:porkchop":12,"minecraft:pointed_dripstone":3,"born_in_chaos_v1:nightmare_claw":7,"minecraft:cactus":13,"minecraft:rotten_flesh":283,"born_in_chaos_v1:sea_terror_eye":2,"farmersdelight:tree_bark":333,"supplementaries:antique_ink":3,"alexsmobs:emu_egg":2,"minecraft:mangrove_roots":2,"rpgsmw:edmantium":2,"minecraft:cod":2,"vinery:apple_log":601,"minecraft:cobblestone":501,"minecraft:enchanting_table":1,"minecraft:leather_chestplate":2,"minecraft:cherry_planks":114,"minecraft:andesite":1,"minecraft:black_bed":29,"minecraft:chiseled_quartz_block":2,"born_in_chaos_v1:mint_ice_cream":3,"gamma_beasts:prehnite":21,"minecraft:potato":31,"minecraft:tuff":2,"create:raw_zinc":85,"gamma_beasts:oak_leaf":152,"supplementaries:flax_seeds":10,"minecraft:lapis_lazuli":120,"skilltree:gem":114,"minecraft:dirt":5377,"minecraft:stripped_birch_log":11,"minecraft:cut_sandstone_slab":2,"brewery:hops_seeds":10,"born_in_chaos_v1:monster_skin":14,"minecraft:leather_boots":1,"minecraft:glass":66,"minecraft:bone":148,"minecraft:bow":1,"minecraft:wheat_seeds":484,"farmersdelight:sweet_berry_cookie":40,"minecraft:raw_gold":37,"minecraft:bamboo":26,"minecraft:cooked_porkchop":41,"vinery:dark_cherry_sapling":112,"minecraft:sand":528,"minecraft:mossy_cobblestone":5,"beachparty:cooked_mussel_meat":45,"minecraft:light_gray_concrete":2,"minecraft:diamond":7,"minecraft:bone_meal":2,"minecraft:spruce_sign":1,"scalinghealth:cursed_heart":1,"minecraft:emerald":25,"minecraft:netherrack":1,"minecraft:fishing_rod":1,"born_in_chaos_v1:diamond_termite_shard":28,"minecraft:chicken":10,"born_in_chaos_v1:river_mint":15,"minecraft:brown_mushroom":242,"minecraft:cooked_rabbit":3,"minecraft:gold_block":2,"faded_conquest_2:summon_blocknight":7,"minecraft:chain":1,"minecraft:brick":12,"beachparty:coconut":1,"minecraft:shield":1,"minecraft:iron_axe":1,"minecraft:item_frame":1,"beachparty:seashell":10,"minecraft:cyan_carpet":2,"minecraft:blackstone":1,"vinery:apple_tree_sapling":346,"scalinghealth:chance_heart":3,"farmersdelight:straw":457,"minecraft:player_head":2,"minecraft:sugar_cane":77,"crittersandcompanions:clam":16,"born_in_chaos_v1:dark_stained_glass":39,"minecraft:raw_iron":253,"minecraft:stripped_mangrove_wood":1,"minecraft:bowl":6,"minecraft:gray_dye":1,"meds_and_herbs:sweet_clover_flowers":6,"minecraft:arrow":68,"crittersandcompanions:silk":25,"minecraft:glistering_melon_slice":12,"born_in_chaos_v1:fused_bone":7,"born_in_chaos_v1:corpse_maggot":60,"farmersdelight:rich_soil":230,"meds_and_herbs:bark_cherry":287,"minecraft:glow_ink_sac":3,"minecraft:salmon":6,"minecraft:leather":21,"minecraft:crimson_fungus":1,"gamma_beasts:thin_birch_log":6,"gamma_beasts:green_apple":70,"minecraft:gunpowder":39,"scalinghealth:heart_crystal":37,"minecraft:deepslate_tile_slab":150,"minecraft:cooked_mutton":47,"candlelight:rose":3,"minecraft:rabbit_hide":10,"minecraft:iron_ingot":132,"minecraft:cooked_chicken":13,"jeg:tech_trash":29,"bakery:strawberry":1,"scalinghealth:heart_crystal_shard":64,"minecraft:warped_fungus":3,"minecraft:black_candle":1,"endrem:black_eye":1,"minecraft:emerald_block":28,"born_in_chaos_v1:lifestealer_bone":6,"minecraft:dripstone_block":2,"born_in_chaos_v1:dark_rod":2,"gamma_beasts:blackberry":33,"minecraft:spider_eye":48,"gamma_beasts:spruce_leaf":18,"alexsmobs:raw_catfish":6,"meds_and_herbs:vinca_leaves":2,"minecraft:cherry_sapling":470,"minecraft:dark_oak_wood":6,"minecraft:coal":466},"minecraft:dropped":{"minecraft:iron_sword":2,"minecraft:stripped_mangrove_wood":1,"minecraft:cooked_beef":7,"minecraft:glow_ink_sac":3,"minecraft:cooked_porkchop":2,"rpgsmw:steel_paladin_armour_chestplate":2,"born_in_chaos_v1:nightmare_claw":4,"minecraft:cut_sandstone_slab":2,"minecraft:red_mushroom":403,"minecraft:item_frame":1,"minecraft:emerald":6,"sophisticatedbackpacks:gold_backpack":1,"minecraft:dirt":3254,"faded_conquest_2:key_of_conquest":1,"alexsmobs:flying_fish":1,"minecraft:sand":67,"scalinghealth:chance_heart":1,"minecraft:white_wool":5,"minecraft:fishing_rod":1,"minecraft:cyan_carpet":3,"minecraft:bone":7,"minecraft:sugar_cane":1,"vinery:taiga_grape_seeds_red":4,"minecraft:cobbled_deepslate":66,"minecraft:rotten_flesh":140,"born_in_chaos_v1:smoked_flesh":9,"minecraft:mangrove_fence":1,"beachparty:rubber_ring_axolotl":1,"supplementaries:flax_seeds":4,"minecraft:deepslate_tiles":246,"minecraft:leather_leggings":1,"minecraft:red_nether_bricks":1,"minecraft:glass":8,"born_in_chaos_v1:marigolds":1,"minecraft:cherry_fence":1,"minecraft:enchanted_book":1,"minecraft:iron_ingot":48,"born_in_chaos_v1:shattered_skull":1,"minecraft:wheat_seeds":458,"born_in_chaos_v1:scorched_planks_fence":3,"minecraft:mangrove_trapdoor":1,"minecraft:dripstone_block":1,"minecraft:cobblestone":162,"minecraft:apple":2,"rpgsmw:steel_paladin_armour_leggings":2,"minecraft:deepslate_tile_slab":150,"minecraft:coal":55,"rpgsmw:steel_paladin_armour_helmet":2,"vinery:apple_log":132,"skilltree:gem":3,"minecraft:cherry_planks":33,"minecraft:cooked_salmon":1,"minecraft:potion":3,"minecraft:white_banner":1,"minecraft:string":4,"minecraft:spruce_sapling":10,"vinery:cherry":21,"minecraft:player_head":1,"minecraft:stone_sword":2,"minecraft:smooth_stone_slab":39,"born_in_chaos_v1:rotten_fish":10,"minecraft:iron_boots":1,"minecraft:cherry_slab":38,"minecraft:light_gray_concrete":2,"gamma_beasts:blackberry":3,"minecraft:oak_sign":4,"crittersandcompanions:silk":14,"minecraft:flower_pot":1,"rpgsmw:iron_one_handed_crossbow":1,"minecraft:spruce_planks":40,"minecraft:diamond_pickaxe":1,"vinery:apple_tree_sapling":249,"meds_and_herbs:bark_cherry":4,"born_in_chaos_v1:bloody_gadfly_eye":3,"rpgsmw:copper_spear":1,"minecraft:stone_bricks":1,"minecraft:barrel":2,"minecraft:spider_eye":11,"rpgsmw:steel_greatsword":1,"minecraft:bow":1,"scalinghealth:bandages":2,"minecraft:spruce_sign":1,"minecraft:brown_mushroom":56,"minecraft:warped_fungus":3,"minecraft:oak_log":4,"minecraft:baked_potato":10,"rpgsmw:steel_paladin_armour_boots":2,"minecraft:decorated_pot":2,"minecraft:deepslate_tile_wall":28,"rpgsmw:woodenfiber":2,"minecraft:mangrove_planks":1,"minecraft:birch_slab":1,"minecraft:deepslate_tile_stairs":36,"minecraft:dark_oak_log":8,"gamma_beasts:thin_jungle_log":3,"minecraft:cornflower":2,"farmersdelight:sweet_berry_cookie":72,"minecraft:snowball":2,"minecraft:gold_ingot":58,"minecraft:gravel":13,"minecraft:crimson_fungus":1,"minecraft:mangrove_roots":2,"minecraft:blackstone":1,"beachparty:seashell":1,"minecraft:cherry_sapling":522,"faded_conquest_2:summon_blocknight":3,"minecraft:cooked_mutton":12,"minecraft:mangrove_sign":1,"minecraft:carrot":2,"ironchest:dirt_chest":1,"minecraft:poppy":1,"minecraft:rabbit_hide":3,"minecraft:leather_chestplate":1,"supplementaries:ash":4,"minecraft:gunpowder":39,"born_in_chaos_v1:corpse_maggot":45,"faded_conquest_2:keyof_pestilence":1,"minecraft:arrow":8,"minecraft:written_book":1,"minecraft:bread":9,"gamma_beasts:oak_leaf":11,"minecraft:cherry_log":320,"gamma_beasts:coal_nugget":25,"scalinghealth:cursed_heart":1,"minecraft:mossy_cobblestone":4,"create:copper_ladder":2,"vinery:dark_cherry_planks":40,"minecraft:poisonous_potato":4,"gamma_beasts:thin_birch_log":6,"minecraft:spruce_stairs":1,"minecraft:stick":324,"minecraft:torch":15,"minecraft:smooth_quartz":5,"born_in_chaos_v1:fused_bone":4,"minecraft:zombie_head":1,"minecraft:iron_axe":1,"minecraft:smooth_basalt":9,"minecraft:sweet_berries":51,"alexsmobs:maggot":4,"minecraft:coarse_dirt":2,"minecraft:chiseled_quartz_block":2,"minecraft:tuff":3,"born_in_chaos_v1:smoked_monster_flesh":1,"minecraft:smoker":1,"rpgsmw:crossbow_bolt_model":1,"gamma_beasts:green_apple":31,"minecraft:flint_and_steel":1,"minecraft:andesite":1,"minecraft:purple_bed":3,"brewery:hops_seeds":10,"minecraft:stone_pickaxe":3},"minecraft:used":{"minecraft:beetroot":4,"minecraft:chiseled_deepslate":30,"farmersdelight:cabbage_seeds":19,"minecraft:chest":12,"create:tiled_glass":31,"rpgsmw:iron_sickle":348,"gamma_beasts:prehnite_pickaxe":270,"ironchest:iron_chest":7,"vinery:dark_cherry_sapling":43,"born_in_chaos_v1:smoked_flesh":21,"vinery:dark_cherry_planks":590,"born_in_chaos_v1:fired_black_argillite":3,"minecraft:sweet_berries":69,"minecraft:furnace":3,"minecraft:cooked_cod":6,"beachparty:palm_tall_torch":7,"minecraft:potato":157,"ironchest:dirt_chest":1,"create:crimsite":2,"minecraft:wooden_pickaxe":59,"brewery:corn_seeds":7,"minecraft:glow_berries":7,"minecraft:sand":29,"gamma_beasts:prehnite_axe":1909,"minecraft:blast_furnace":1,"tetra:modular_double":1,"gamma_beasts:blackberry":30,"minecraft:deepslate_tiles":6,"scalinghealth:enchanted_heart":2,"beachparty:seashell":1,"rpgsmw:steel_knife":323,"minecraft:wooden_sword":58,"minecraft:white_stained_glass":106,"create:framed_glass":850,"beachparty:coconut":1,"minecraft:stone_sword":194,"vinery:dark_cherry_slab":294,"born_in_chaos_v1:fried_maggot":7,"minecraft:cooked_salmon":14,"minecraft:netherrack":1,"rpgsmw:steel_sickle":1206,"minecraft:torch":347,"create:ochrum":7,"tetra:scroll_rolled":2,"minecraft:iron_axe":438,"fantasyfurniture:venthyr/floor_light":5,"minecraft:tripwire_hook":1,"farmersdelight:tomato_seeds":22,"minecraft:cobbled_deepslate":4,"minecraft:cherry_log":7,"minecraft:golden_axe":18,"minecraft:pointed_dripstone":3,"minecraft:wheat_seeds":111,"alexsmobs:cooked_catfish":6,"born_in_chaos_v1:mint_ice_cream":3,"minecraft:water_bucket":135,"gamma_beasts:prehnite_sword":271,"born_in_chaos_v1:black_argillite_brick_stairs":6,"minecraft:mossy_cobblestone":1,"minecraft:crafting_table":5,"minecraft:campfire":3,"minecraft:cake":6,"minecraft:spruce_log":1,"gamma_beasts:prehnite_shovel":1247,"minecraft:diamond_pickaxe":1,"rpgsmw:copper_sickle":281,"minecraft:iron_pickaxe":751,"jeg:scrap_workbench":1,"create:copper_ladder":6,"fantasyfurniture:furniture_station":1,"minecraft:cobblestone":340,"minecraft:purple_bed":1,"vinery:cherry":46,"minecraft:cooked_porkchop":30,"minecraft:black_candle":1,"vinery:apple_tree_sapling":33,"minecraft:cherry_sapling":10,"minecraft:iron_shovel":758,"minecraft:decorated_pot":6,"minecraft:iron_sword":746,"minecraft:carrot":12,"minecraft:milk_bucket":2,"farmersdelight:sweet_berry_cookie":40,"minecraft:glass":46,"born_in_chaos_v1:corpse_maggot":1,"minecraft:lantern":81,"gamma_beasts:pear":6,"gamma_beasts:pear_bush":2,"minecraft:dark_oak_wood":2,"vinery:dark_cherry_log":102,"minecraft:crimson_roots":1,"minecraft:golden_sword":32,"farmersdelight:cutting_board":3,"minecraft:written_book":2,"jeg:revolver":24,"minecraft:golden_boots":1,"beachparty:cooked_mussel_meat":45,"minecraft:stone_pickaxe":512,"minecraft:diamond_axe":1561,"minecraft:sugar_cane":42,"vinery:dark_cherry_stairs":52,"farmersdelight:organic_compost":220,"minecraft:mushroom_stew":14,"gamma_beasts:cooked_meat":1,"minecraft:dripstone_block":1,"minecraft:black_bed":29,"born_in_chaos_v1:dark_stained_glass":244,"minecraft:redstone_torch":1,"minecraft:string":2,"minecraft:bread":63,"minecraft:melon_slice":22,"beachparty:palm_torch_item":16,"born_in_chaos_v1:marigolds":2,"born_in_chaos_v1:smoked_monster_flesh":1,"minecraft:gravel":6,"minecraft:cooked_rabbit":1,"minecraft:chain":1,"minecraft:bone_meal":67,"minecraft:experience_bottle":2,"farmersdelight:diamond_knife":2292,"minecraft:flint_and_steel":321,"minecraft:stone_shovel":3276,"minecraft:redstone":1,"minecraft:spruce_planks":18,"gamma_beasts:green_apple":32,"farmersdelight:rich_soil":230,"minecraft:wooden_shovel":492,"supplementaries:sconce":65,"minecraft:cooked_chicken":7,"minecraft:dirt":2480,"scalinghealth:heart_crystal":44,"minecraft:iron_hoe":181,"born_in_chaos_v1:black_argillite_column_slab":1,"scalinghealth:power_crystal":5,"jeg:double_barrel_shotgun":15,"minecraft:cooked_beef":43,"minecraft:cooked_mutton":39,"minecraft:baked_potato":15,"minecraft:red_nether_bricks":1,"minecraft:brown_mushroom":67,"rpgsmw:stone_knife":143,"minecraft:red_mushroom":112,"bakery:strawberry":1,"minecraft:flower_pot":1,"minecraft:apple":283,"minecraft:golden_leggings":1,"minecraft:stone_axe":199,"minecraft:bucket":137,"minecraft:pumpkin_pie":2,"alexsmobs:animal_dictionary":1},"minecraft:custom":{"minecraft:interact_with_crafting_table":235,"minecraft:open_barrel":114,"minecraft:eat_cake_slice":22,"minecraft:leave_game":29,"minecraft:time_since_death":46184,"minecraft:deaths":27,"minecraft:play_time":2002418,"minecraft:jump":13703,"minecraft:interact_with_furnace":212,"minecraft:traded_with_villager":6,"minecraft:sleep_in_bed":132,"minecraft:damage_dealt":148243,"minecraft:inspect_dispenser":1,"minecraft:interact_with_smithing_table":1,"minecraft:damage_dealt_absorbed":84,"minecraft:sneak_time":103657,"minecraft:interact_with_blast_furnace":166,"minecraft:total_world_time":2002418,"minecraft:interact_with_stonecutter":33,"minecraft:time_since_rest":3695,"minecraft:swim_one_cm":428237,"minecraft:fly_one_cm":6199592,"minecraft:open_chest":1632,"minecraft:fall_one_cm":221165,"minecraft:animals_bred":1,"minecraft:damage_resisted":3877,"minecraft:sprint_one_cm":7161014,"minecraft:drop":665,"minecraft:talked_to_villager":26,"minecraft:walk_on_water_one_cm":333810,"minecraft:crouch_one_cm":375995,"minecraft:mob_kills":483,"minecraft:interact_with_campfire":235,"minecraft:damage_dealt_resisted":9314,"minecraft:climb_one_cm":64363,"minecraft:walk_one_cm":5141701,"minecraft:walk_under_water_one_cm":233856,"minecraft:damage_taken":56699},"minecraft:broken":{"minecraft:golden_boots":1,"minecraft:wooden_shovel":2,"minecraft:iron_boots":3,"minecraft:golden_sword":1,"minecraft:wooden_sword":1,"minecraft:iron_sword":3,"minecraft:leather_helmet":2,"rpgsmw:steel_assassin_armour_leggings":2,"minecraft:stone_sword":1,"minecraft:chainmail_helmet":1,"rpgsmw:steel_sickle":2,"minecraft:wooden_pickaxe":1,"minecraft:iron_axe":4,"minecraft:iron_pickaxe":3,"minecraft:iron_helmet":2,"gamma_beasts:prehnite_axe":8,"minecraft:iron_shovel":3,"rpgsmw:stone_knife":1,"minecraft:leather_leggings":1,"rpgsmw:steel_assassin_armour_chestplate":2,"minecraft:golden_leggings":2,"minecraft:stone_pickaxe":3,"gamma_beasts:prehnite_sword":1,"minecraft:stone_axe":2,"minecraft:stone_shovel":24,"rpgsmw:copper_sickle":2,"gamma_beasts:prehnite_shovel":4,"minecraft:flint_and_steel":5,"gamma_beasts:prehnite_pickaxe":1,"minecraft:leather_chestplate":6,"rpgsmw:steel_assassin_armour_helmet":2,"minecraft:diamond_axe":1,"rpgsmw:steel_assassin_armour_boots":1,"minecraft:leather_boots":5,"rpgsmw:iron_sickle":1},"minecraft:mined":{"minecraft:dark_oak_planks":1,"vinery:dark_cherry_slab":35,"born_in_chaos_v1:cultivated_pumpkin":4,"minecraft:cherry_log":208,"minecraft:potted_crimson_fungus":1,"faded_conquest_2:toxic_lantern":1,"vinery:taiga_grape_bush_red":3,"minecraft:coal_block":10,"supplementaries:sconce_wall":7,"minecraft:spawner":14,"minecraft:tall_seagrass":1,"minecraft:magma_block":1,"minecraft:cobbled_deepslate":3,"minecraft:fire":6,"minecraft:deepslate_lapis_ore":12,"minecraft:enchanting_table":1,"minecraft:cave_vines":2,"minecraft:oak_sign":3,"minecraft:light_gray_concrete":2,"minecraft:iron_block":2,"farmersdelight:rich_soil_farmland":5,"beachparty:palm_torch":1,"minecraft:tripwire":3,"minecraft:brown_mushroom":3,"brewery:wild_hops":4,"beachparty:palm_wall_torch":5,"minecraft:smoker":1,"minecraft:crimson_nylium":1,"scalinghealth:deepslate_heart_crystal_ore":9,"minecraft:torch":33,"minecraft:dark_oak_wood":3,"minecraft:melon":4,"create:framed_glass":25,"minecraft:dead_bush":1,"gamma_beasts:thin_spruce_log":1,"farmersdelight:cabbages":10,"minecraft:glass":6,"minecraft:sugar_cane":52,"minecraft:chain":1,"minecraft:wheat":58,"minecraft:black_bed":28,"born_in_chaos_v1:black_argillite_brick":1,"minecraft:potted_poppy":1,"minecraft:grass":2573,"minecraft:smooth_quartz":5,"minecraft:mangrove_log":3,"minecraft:smooth_basalt":5,"minecraft:deepslate":163,"minecraft:suspicious_gravel":1,"minecraft:deepslate_tiles":44,"create:zinc_ore":30,"born_in_chaos_v1:dark_stained_glass":39,"minecraft:mossy_cobblestone":4,"tetra:block_geode":1,"vinery:dark_cherry_planks":365,"born_in_chaos_v1:black_argillite":60,"minecraft:crimson_roots":1,"minecraft:redstone_wire":1,"vinery:dark_cherry_sapling":6,"beachparty:coconut_hanging":1,"minecraft:black_stained_glass_pane":1,"gamma_beasts:thin_birch_log":6,"minecraft:snow":2,"minecraft:andesite":1,"minecraft:potatoes":58,"ironchest:iron_chest":1,"minecraft:white_wool":1,"jeg:scrap_ore":75,"gamma_beasts:abedul_hoja_1":9,"minecraft:cornflower":1,"minecraft:emerald_ore":1,"candlelight:wild_tomatoes":3,"minecraft:copper_ore":53,"minecraft:tall_grass":179,"farmersdelight:wild_tomatoes":10,"minecraft:deepslate_gold_ore":17,"supplementaries:sconce":2,"jeg:deepslate_scrap_ore":46,"minecraft:purple_bed":2,"minecraft:spruce_log":2,"minecraft:birch_leaves":6,"tetra:scroll_open":2,"minecraft:mangrove_leaves":2,"faded_conquest_2:terrible_tensummon":1,"minecraft:dripstone_block":2,"minecraft:gravel":15,"minecraft:cobweb":60,"minecraft:stone_bricks":2,"minecraft:gold_ore":19,"minecraft:fern":12,"minecraft:infested_stone":1,"create:deepslate_zinc_ore":34,"minecraft:farmland":1,"minecraft:spruce_planks":10,"gamma_beasts:roble_hoja_1":1,"farmersdelight:rich_soil":225,"vinery:dark_cherry_leaves":40,"minecraft:cobblestone_stairs":1,"minecraft:grass_block":2493,"create:tiled_glass":31,"vinery:apple_log":190,"beachparty:seashell_block":9,"supplementaries:ash":285,"minecraft:iron_ore":113,"born_in_chaos_v1:black_argillite_brick_stairs":6,"minecraft:potted_red_mushroom":2,"minecraft:pointed_dripstone":3,"minecraft:spruce_slab":4,"meds_and_herbs:wild_vinca":1,"minecraft:deepslate_redstone_ore":16,"gamma_beasts:pear_bush_3":1,"farmersdelight:organic_compost":16,"minecraft:blackstone":1,"amendments:tool_hook":1,"minecraft:chiseled_quartz_block":2,"minecraft:calcite":1,"minecraft:chest":5,"born_in_chaos_v1:black_argillite_column_slab":1,"farmersdelight:brown_mushroom_colony":35,"supplementaries:wild_flax":1,"minecraft:cobblestone":60,"minecraft:wall_torch":26,"ironchest:dirt_chest":1,"minecraft:red_candle":2,"minecraft:birch_log":2,"farmersdelight:cutting_board":2,"born_in_chaos_v1:fired_black_argillite":3,"born_in_chaos_v1:river_mint":5,"minecraft:smooth_stone_slab":60,"minecraft:sand":148,"minecraft:dirt":2619,"vinery:apple_leaves":714,"create:crimsite":2,"minecraft:oak_leaves":1,"minecraft:crying_obsidian":1,"minecraft:deepslate_diamond_ore":3,"minecraft:mangrove_roots":1,"minecraft:stripped_cherry_log":1,"meds_and_herbs:plantago":27,"born_in_chaos_v1:infected_diamond_ore":6,"minecraft:decorated_pot":13,"minecraft:white_stained_glass":4,"create:ochrum":7,"minecraft:birch_slab":1,"minecraft:spruce_leaves":14,"farmersdelight:red_mushroom_colony":74,"minecraft:large_fern":7,"minecraft:furnace":1,"minecraft:raw_gold_block":2,"gamma_beasts:prehnite_ore":16,"treechop:chopped_log":1036,"minecraft:chiseled_deepslate":4,"minecraft:gold_block":1,"minecraft:deepslate_iron_ore":47,"minecraft:lantern":1,"crittersandcompanions:silk_cocoon":3,"vinery:dark_cherry_stairs":1,"minecraft:stripped_oak_log":1,"minecraft:stone":256,"minecraft:redstone_wall_torch":2,"gamma_beasts:abeto_hoja":9,"born_in_chaos_v1:marigolds":8,"gamma_beasts:pear_bush_2":1,"vinery:dark_cherry_log":63,"minecraft:crafting_table":3,"gamma_beasts:abeto_hoja_1":17,"bakery:wild_strawberries":1,"brewery:corn_crop":4,"minecraft:deepslate_coal_ore":27,"minecraft:lapis_ore":7,"supplementaries:urn":19,"gamma_beasts:abedul_hojas":4,"rpgsmw:mineral_ore":2,"minecraft:redstone_torch":1,"minecraft:sweet_berry_bush":48,"minecraft:ice":57,"minecraft:mangrove_planks":1,"gamma_beasts:thin_oak_log":6,"minecraft:coal_ore":243,"vinery:jungle_grape_bush_white":1,"minecraft:cherry_leaves":148,"minecraft:cyan_carpet":1,"beachparty:palm_tall_torch":5},"minecraft:killed":{"minecraft:cave_spider":6,"born_in_chaos_v1:zombie_lumberjack":3,"born_in_chaos_v1:restless_spirit":3,"minecraft:dolphin":1,"born_in_chaos_v1:siamese_skeletonsright":1,"born_in_chaos_v1:baby_skeleton_minion":6,"minecraft:skeleton":42,"minecraft:chicken":8,"born_in_chaos_v1:supreme_bonescaller_stage_2":1,"jeg:ghoul":5,"minecraft:magma_cube":7,"minecraft:salmon":7,"minecraft:pillager":7,"minecraft:zombie":97,"born_in_chaos_v1:door_knight":1,"minecraft:cow":20,"faded_conquest_2:blocknight_paladin":3,"minecraft:horse":1,"born_in_chaos_v1:barrel_zombie":2,"born_in_chaos_v1:spiritof_chaos":1,"minecraft:husk":9,"born_in_chaos_v1:bone_imp_minion":9,"minecraft:rabbit":1,"born_in_chaos_v1:decrepit_skeleton":7,"alexsmobs:catfish":1,"born_in_chaos_v1:bloody_gadfly":1,"minecraft:enderman":1,"minecraft:witch":1,"minecraft:spider":16,"faded_conquest_2:toxicrow":3,"born_in_chaos_v1:scarlet_persecutor":4,"minecraft:silverfish":2,"minecraft:piglin_brute":12,"born_in_chaos_v1:bonescaller":1,"minecraft:piglin":4,"minecraft:pig":5,"born_in_chaos_v1:diamond_termite":11,"minecraft:zombie_villager":3,"minecraft:creeper":7,"minecraft:sheep":9,"born_in_chaos_v1:dread_hound":2,"alexsmobs:terrapin":6,"minecraft:stray":3,"alexsmobs:fly":1,"born_in_chaos_v1:siamese_skeletonsleft":1,"minecraft:vex":4,"born_in_chaos_v1:maggot":49,"alexsmobs:bison":1,"minecraft:drowned":10,"born_in_chaos_v1:corpse_fish":8,"faded_conquest_2:the_plauge_bringer":1,"born_in_chaos_v1:baby_skeleton":4,"minecraft:bat":2,"minecraft:squid":2,"gamma_beasts:diamond_golem_a":1,"born_in_chaos_v1:decaying_zombie":1,"gamma_beasts:careyatros_c":1,"born_in_chaos_v1:bonescaller_not_despawn":2,"born_in_chaos_v1:nightmare_stalker":3},"minecraft:crafted":{"minecraft:black_dye":7,"rpgsmw:blue_fabric":28,"minecraft:smooth_stone":0,"supplementaries:candle_holder_red":5,"minecraft:lever":2,"minecraft:glass":1113,"born_in_chaos_v1:fired_black_argillite":55,"minecraft:gray_stained_glass":24,"scalinghealth:power_crystal":5,"born_in_chaos_v1:dark_stained_glass":180,"minecraft:emerald":15,"vinery:dark_cherry_planks":520,"skilltree:gem":8,"minecraft:copper_ingot":280,"farmersdelight:organic_compost":199,"sereneseasons:calendar":1,"minecraft:gold_ingot":74,"minecraft:stone_shovel":23,"minecraft:iron_nugget":819,"minecraft:bone_meal":714,"minecraft:lantern":74,"minecraft:diamond":3,"supplementaries:sconce":52,"minecraft:dark_oak_planks":16,"minecraft:wheat":18,"gamma_beasts:prehnite_axe":3,"rpgsmw:steel":104,"fantasyfurniture:venthyr/floor_light":3,"sophisticatedbackpacks:gold_backpack":1,"minecraft:bone":6,"minecraft:white_stained_glass":112,"create:tiled_glass":1,"minecraft:oak_planks":198,"minecraft:cooked_chicken":3,"minecraft:stone":0,"rpgsmw:steelnugget":18,"rpgsmw:default_crossbow_bolt":56,"minecraft:chest":6,"gamma_beasts:pear_bush":1,"rpgsmw:woodenfiber":10,"rpgsmw:steel_assassin_armour_leggings":1,"minecraft:spruce_planks":70,"minecraft:birch_planks":8,"farmersdelight:cutting_board":1,"minecraft:paper":9,"minecraft:stick":76,"minecraft:iron_ingot":324,"minecraft:cherry_planks":4,"minecraft:coal":108,"minecraft:raw_iron":18,"minecraft:leather_boots":2,"brewery:pretzel":54,"minecraft:blast_furnace":1,"minecraft:furnace":1,"minecraft:gray_dye":12,"ironchest:dirt_chest":1,"gamma_beasts:prehnite_shovel":3,"minecraft:flint_and_steel":4,"create:copper_ladder":8,"vinery:dark_cherry_stairs":16,"minecraft:iron_hoe":1,"candlelight:tomato_seeds":9,"sophisticatedbackpacks:iron_backpack":1,"minecraft:cooked_beef":35,"minecraft:cooked_cod":0,"vinery:dark_cherry_slab":222,"minecraft:cooked_salmon":0,"scalinghealth:heart_crystal":7,"farmersdelight:sweet_berry_cookie":72,"minecraft:air":0,"minecraft:bread":1,"beachparty:palm_torch_item":12,"minecraft:blue_dye":7,"minecraft:white_wool":4,"minecraft:white_dye":18,"minecraft:raw_gold":9,"minecraft:blue_wool":12,"minecraft:torch":424,"ironchest:iron_chest":4}},"DataVersion":3465}